TS,HAx,HAy,HAz,BAx,BAy,BAz,Gx,Gy,Gz,f0,f1,f2,f3,f4,f5,f6,f7,V_US,V_LC,roll,pitch,sstat
12:2:44:182,-0.1688232,0.01745605,1.003052,-0.08300781,-0.1132813,1.139648,1.734619,2.190704,-20.02289,288.133,449.1342,250.9788,746.3671,40.43883,0,0,263.3636,8,0,0.8511822,-9.365809,0
12:2:44:214,-0.1674805,0.01745605,1.003052,-0.08203125,-0.1191406,1.130859,0.7327271,2.243042,-18.52005,288.133,424.3647,250.9788,746.3671,40.43883,0,0,263.3636,10,0,0.8521559,-9.292621,0
12:2:44:246,-0.1480713,0.01696777,0.9874268,-0.0859375,-0.1015625,1.12793,-3.656158,2.400055,-12.96478,275.7483,387.2106,250.9788,758.7518,28.05412,0,0,263.3636,10,0,0.8655709,-8.489773,0
12:2:44:278,-0.1168213,-0.07202148,0.9810791,-0.06640625,-0.1025391,1.130859,-5.622559,2.355194,-2.572021,275.7483,350.0565,250.9788,758.7518,28.05412,0,0,263.3636,10,0,-3.817544,-6.44262,0
12:2:44:310,-0.1070557,-0.1661377,0.9851074,-0.05957031,-0.1103516,1.131836,-6.60202,3.768311,-0.9196472,275.7483,312.9024,238.5941,758.7518,28.05412,0,0,250.9788,10,0,-8.765363,-5.380901,0
12:2:44:341,-0.1032715,-0.2081299,0.9910889,-0.05078125,-0.07519531,1.147461,-5.988922,5.00946,-3.319702,275.7483,288.133,238.5941,758.7518,28.05412,0,0,250.9788,10,0,-10.85368,-4.958255,0
12:2:44:373,-0.1121826,-0.2416992,0.9698486,-0.04785156,-0.1015625,1.123047,-4.015045,6.422577,-11.2825,275.7483,275.7483,238.5941,758.7518,28.05412,0,0,250.9788,10,0,-12.9299,-5.420261,0
12:2:44:405,-0.1246338,-0.2202148,0.9725342,-0.05957031,-0.109375,1.132813,-2.594452,8.426361,-22.07901,275.7483,288.133,250.9788,758.7518,28.05412,0,0,263.3636,10,0,-11.62474,-6.100987,0
12:2:44:438,-0.1517334,-0.161499,0.986084,-0.05664063,-0.1025391,1.139648,-1.891632,9.188995,-29.72031,275.7483,288.133,250.9788,758.7518,28.05412,0,0,263.3636,10,0,-8.175754,-7.622047,0
12:2:44:470,-0.1738281,-0.08300781,1.003174,-0.0703125,-0.1132813,1.140625,-2.325287,9.727325,-35.97092,275.7483,300.5177,250.9788,758.7518,28.05412,0,0,263.3636,8,0,-4.023246,-9.066154,0
12:2:44:501,-0.1759033,-0.02941895,1.02063,-0.05175781,-0.1445313,1.147461,-6.25061,9.78714,-14.66949,275.7483,288.133,226.2094,758.7518,28.05412,0,0,263.3636,8,0,-1.384091,-9.326216,0
12:2:44:533,-0.2160645,-0.3946533,1.030762,-0.08496094,-0.0078125,1.277344,-3.409424,8.882446,-0.7402039,288.133,263.3636,213.8247,758.7518,28.05412,0,0,263.3636,10,0,-17.15422,-8.434447,0
12:2:44:566,-0.321167,-0.5616455,1.084106,-0.1132813,0.06933594,1.290039,1.697235,8.015137,-25.24918,288.133,275.7483,226.2094,758.7518,28.05412,0,0,275.7483,10,0,-20.572,-10.47594,0
12:2:44:597,-0.2518311,-0.472168,1.292725,-0.02832031,-0.05078125,1.472656,10.07874,3.895416,-62.11731,312.9024,300.5177,226.2094,758.7518,28.05412,0,0,312.9024,14,0,-13.79555,-6.701334,0
12:2:44:629,-0.1459961,-0.2869873,1.240234,0.05371094,-0.05664063,1.413086,13.69751,1.398163,-57.64618,325.2871,350.0565,226.2094,758.7518,40.43883,0,0,325.2871,16,0,-9.670433,-4.573379,0
12:2:44:661,-0.2125244,-0.1461182,1.173096,0.1748047,-0.0390625,1.367188,10.90866,-1.375732,-39.11118,337.6718,399.5953,238.5941,758.7518,40.43883,0,0,337.6718,18,0,-5.254977,-7.947696,0
12:2:44:693,-0.237793,-0.02294922,1.109497,0.2412109,-0.01953125,1.318359,7.506714,-4.149628,-33.38394,337.6718,436.7494,226.2094,758.7518,40.43883,0,0,325.2871,18,0,-0.8951575,-10.73793,0
12:2:44:725,-0.2230225,0.003173828,1.074341,0.296875,0.01855469,1.241211,-0.3289795,-10.22827,-21.08459,337.6718,436.7494,226.2094,758.7518,40.43883,0,0,325.2871,16,0,0.1320379,-10.90696,0
12:2:44:758,-0.1832275,0.07702637,1.11499,0.2646484,-0.01953125,1.304688,-10.72174,-16.14243,-1.742096,337.6718,436.7494,238.5941,758.7518,28.05412,0,0,325.2871,16,0,3.090934,-7.9013,0
12:2:44:790,-0.1223145,0.03430176,1.171021,0.1943359,-0.02734375,1.367188,-17.26395,-18.99109,8.658142,325.2871,424.3647,238.5941,758.7518,28.05412,0,0,325.2871,16,0,1.315611,-4.973348,0
12:2:44:821,-0.09851074,-0.1130371,1.097656,0.1318359,0.03222656,1.295898,-25.80994,-23.09586,26.67725,312.9024,387.2106,238.5941,758.7518,28.05412,0,0,325.2871,22,0,-4.956715,-4.274855,0
12:2:44:853,-0.09729004,-0.2895508,0.9682617,0.08984375,0.1162109,1.1875,-27.4324,-25.80246,34.75967,300.5177,387.2106,238.5941,758.7518,28.05412,0,0,325.2871,24,0,-15.63203,-4.533254,0
12:2:44:885,-0.0916748,-0.2861328,0.9285889,0.07714844,0.1103516,1.154297,-25.68283,-27.60437,30.51285,288.133,374.8259,238.5941,758.7518,28.05412,0,0,325.2871,26,0,-16.69633,-4.564106,0
12:2:44:917,-0.06799316,-0.2644043,0.9287109,0.07714844,0.1015625,1.152344,-24.94263,-29.496,29.79507,288.133,362.4412,238.5941,758.7518,28.05412,0,0,325.2871,28,0,-15.8627,-3.452814,0
12:2:44:949,-0.08325195,-0.230835,0.852417,0.08105469,0.1621094,1.078125,-23.9183,-31.61194,27.24548,275.7483,350.0565,238.5941,746.3671,28.05412,0,0,325.2871,28,0,-15.90905,-4.969471,0
12:2:44:981,-0.09667969,-0.2536621,0.8415527,0.03710938,0.1484375,1.092773,-23.26782,-35.21576,23.64166,263.3636,325.2871,238.5941,746.3671,28.05412,0,0,325.2871,88,0,-17.4923,-5.739631,0
12:2:45:13,-0.07714844,-0.2823486,0.8796387,-0.0078125,0.109375,1.086914,-21.00235,-37.72797,21.18179,263.3636,288.133,238.5941,746.3671,28.05412,0,0,300.5177,140,0,-18.3568,-4.178003,0
12:2:45:45,-0.02478027,-0.3017578,0.8701172,-0.02441406,0.08203125,1.077148,-19.13315,-38.55789,21.96686,263.3636,275.7483,238.5941,746.3671,28.05412,0,0,300.5177,152,0,-21.10343,-1.340634,0
12:2:45:77,-0.01464844,-0.2897949,0.8015137,-0.01171875,0.1152344,1.006836,-16.13495,-38.63266,23.68652,250.9788,250.9788,238.5941,746.3671,28.05412,0,0,300.5177,198,0,-23.79937,-0.9002439,0
12:2:45:109,0.02355957,-0.3144531,0.7766113,-0.03613281,0.1015625,0.9804688,-11.56662,-38.44574,22.04163,250.9788,238.5941,238.5941,746.3671,28.05412,0,0,288.133,218,0,-26.64624,1.470793,0
12:2:45:142,0.04345703,-0.3486328,0.8012695,-0.07519531,0.07617188,1.00293,-8.082428,-37.34665,18.90137,238.5941,238.5941,238.5941,746.3671,28.05412,0,0,288.133,238,0,-26.9574,2.511755,0
12:2:45:173,0.135376,-0.3649902,0.7891846,-0.09765625,0.04589844,0.9931641,-1.577606,-34.655,9.039459,238.5941,226.2094,238.5941,746.3671,28.05412,0,0,288.133,242,0,-25.70607,7.803636,0
12:2:45:206,0.1784668,-0.2457275,0.657959,-0.06640625,0.2041016,0.8671875,4.149628,-30.75958,2.033691,238.5941,226.2094,238.5941,746.3671,28.05412,0,0,288.133,244,0,-21.89642,14.73393,0
12:2:45:238,0.1575928,-0.1622314,0.6877441,-0.0078125,0.09667969,0.8398438,7.985229,-26.73706,7.342224,238.5941,226.2094,238.5941,746.3671,28.05412,0,0,288.133,248,0,-14.42768,13.93322,0
12:2:45:269,0.1575928,-0.1622314,0.6877441,-0.04785156,0.04980469,0.9335938,8.463745,-24.51645,17.4733,238.5941,213.8247,238.5941,746.3671,28.05412,0,0,288.133,250,0,-14.42768,13.93322,0
12:2:45:301,0.1811523,-0.2935791,0.8455811,-0.05078125,0.06835938,1.011719,11.80588,-20.33691,15.24521,238.5941,213.8247,238.5941,746.3671,28.05412,0,0,288.133,252,0,-18.13863,10.18234,0
12:2:45:333,0.1433105,-0.2669678,0.7918701,-0.0078125,0.1240234,0.9384766,16.87515,-15.75363,11.77597,250.9788,213.8247,238.5941,746.3671,28.05412,0,0,288.133,252,0,-19.11352,9.106921,0
12:2:45:365,0.1716309,-0.2279053,0.717041,0.02246094,0.1259766,0.8623047,17.32376,-14.42276,10.87875,250.9788,213.8247,238.5941,746.3671,28.05412,0,0,300.5177,252,0,-18.38323,13.02305,0
12:2:45:397,0.1739502,-0.2442627,0.737793,0.00390625,0.06542969,0.9042969,19.0509,-10.65445,17.60788,250.9788,226.2094,238.5941,746.3671,28.05412,0,0,288.133,252,0,-18.78122,12.43915,0
12:2:45:429,0.2001953,-0.2342529,0.7862549,0.008789063,0.06152344,0.9521484,22.64725,-7.177734,13.6377,250.9788,226.2094,238.5941,746.3671,28.05412,0,0,300.5177,252,0,-15.97301,13.21625,0
12:2:45:461,0.2131348,-0.1646729,0.7658691,0.0390625,0.0703125,0.9248047,23.47717,-4.157104,11.19278,263.3636,238.5941,238.5941,746.3671,28.05412,0,0,300.5177,252,0,-11.63575,15.83943,0
12:2:45:493,0.1990967,-0.2423096,0.8302002,0.04980469,-0.03515625,0.9921875,22.41547,-0.3588867,26.04172,263.3636,238.5941,238.5941,746.3671,28.05412,0,0,300.5177,252,0,-15.2574,12.06421,0
12:2:45:525,0.1435547,-0.2426758,0.8843994,0.04980469,0.005859375,1.039063,23.10333,2.512207,29.00253,263.3636,238.5941,238.5941,746.3671,28.05412,0,0,300.5177,252,0,-14.68949,7.973852,0
12:2:45:557,0.1497803,-0.2452393,0.947998,0.03417969,0.01464844,1.131836,24.81552,7.09549,27.12585,263.3636,250.9788,238.5941,746.3671,28.05412,0,0,312.9024,252,0,-13.16479,7.459516,0
12:2:45:589,0.1091309,-0.2498779,1.021973,0.04296875,0.005859375,1.188477,25.09216,11.52176,30.69229,263.3636,250.9788,238.5941,746.3671,28.05412,0,0,325.2871,252,0,-12.22228,4.819558,0
12:2:46:128,0.008911133,-0.116333,0.9468994,0.1240234,0.0009765625,1.105469,-2.385101,2.557068,-4.897308,288.133,325.2871,238.5941,758.7518,28.05412,0,0,337.6718,252,0,-7.320666,0.5040292,0
12:2:47:23,0.06005859,-0.1060791,0.9853516,0.01171875,0.109375,1.136719,-4.134674,3.39447,-3.20755,176.6706,102.3624,263.3636,746.3671,15.66941,0,0,114.7471,252,0,-5.874599,3.191786,0
12:2:47:55,0.08435059,-0.1126709,0.9796143,0.006835938,0.1328125,1.123047,-4.291687,4.082336,-4.037476,164.2859,102.3624,263.3636,746.3671,15.66941,0,0,127.1318,252,0,-6.159684,4.497746,0
12:2:47:87,0.07104492,-0.1043701,0.9897461,0.002929688,0.1054688,1.136719,-4.545898,4.044952,-1.854248,151.9012,102.3624,263.3636,746.3671,15.66941,0,0,102.3624,252,0,-5.673113,3.749892,0
12:2:47:119,0.06445313,-0.1330566,0.9918213,0.008789063,0.1210938,1.125977,-5.944061,5.226288,5.024414,151.9012,114.7471,263.3636,746.3671,28.05412,0,0,77.59294,252,0,-7.234589,3.303109,0
12:2:47:151,0.05639648,-0.1606445,0.892334,-0.00390625,0.1386719,1.069336,-6.123505,6.123505,6.594543,151.9012,114.7471,263.3636,746.3671,28.05412,0,0,77.59294,252,0,-10.66973,3.372904,0
12:2:47:183,0.02514648,-0.1655273,0.9481201,-0.00390625,0.0859375,1.162109,-5.704803,6.011353,2.429962,151.9012,114.7471,263.3636,746.3671,28.05412,0,0,65.20824,252,0,-10.15552,1.353288,0
12:2:47:215,0.03674316,-0.211792,0.9567871,0.04785156,0.0390625,1.141602,-4.770203,4.98703,0.2018738,164.2859,114.7471,263.3636,746.3671,28.05412,0,0,77.59294,252,0,-12.54001,1.866945,0
12:2:47:246,0.02111816,-0.2050781,1.000122,-0.01757813,0.09667969,1.141602,-4.740295,5.383301,-1.472931,164.2859,127.1318,263.3636,746.3671,28.05412,0,0,77.59294,252,0,-11.35338,1.003763,0
12:2:47:279,0.02282715,-0.161377,0.9824219,0.002929688,0.1289063,1.09375,-3.992615,6.138458,-4.994507,164.2859,127.1318,263.3636,746.3671,28.05412,0,0,89.97765,242,0,-9.276788,1.16084,0
12:2:47:310,0.0008544922,-0.1750488,0.8913574,-0.01757813,0.1386719,1.105469,-3.312225,5.816956,-3.828125,164.2859,127.1318,263.3636,746.3671,28.05412,0,0,89.97765,242,0,-12.41201,0.05049552,0
12:2:47:343,0.005615234,-0.1848145,0.8599854,0.1210938,-0.01269531,1.030273,-2.15332,6.945953,-9.203949,164.2859,114.7471,263.3636,746.3671,28.05412,0,0,89.97765,246,0,-13.92887,0.3480409,0
12:2:47:374,-0.1365967,-0.1695557,1.070801,0.234375,0.06152344,1.371094,-3.506622,3.880463,-11.84326,164.2859,114.7471,263.3636,746.3671,28.05412,0,0,89.97765,250,0,-7.52711,-5.925142,0
12:2:47:406,0.05114746,-0.1922607,0.9541016,0.006835938,0.04492188,1.152344,-1.727142,7.618866,-9.293671,164.2859,102.3624,263.3636,746.3671,15.66941,0,0,89.97765,250,0,-11.30817,2.656006,0
12:2:47:439,-0.02783203,-0.2183838,0.9868164,-0.01953125,0.1123047,1.124023,-3.215027,5.630035,0.3588867,164.2859,89.97765,263.3636,746.3671,15.66941,0,0,89.97765,252,0,-12.29952,-1.337344,0
12:2:47:470,-0.02246094,-0.1795654,0.9724121,0.04296875,0.0859375,1.130859,-2.093506,5.487976,4.63562,151.9012,77.59294,250.9788,746.3671,15.66941,0,0,89.97765,252,0,-10.50851,-1.143621,0
12:2:47:503,0.01367188,-0.2039795,0.9709473,0.06835938,0.1015625,1.124023,-0.8074951,5.046844,18.43033,151.9012,52.82353,238.5941,746.3671,15.66941,0,0,89.97765,252,0,-12.03944,0.683083,0
12:2:47:535,0.01501465,-0.1994629,0.9932861,0.01367188,-0.015625,1.141602,-1.727142,3.850555,25.21179,151.9012,52.82353,238.5941,746.3671,15.66941,0,0,89.97765,252,0,-11.26243,0.7252713,0
12:2:47:566,-0.01171875,-0.1623535,0.9938965,0.03027344,0.08105469,1.131836,-0.5532837,4.254303,13.0246,151.9012,28.05412,226.2094,746.3671,15.66941,0,0,89.97765,252,0,-9.225799,-0.583743,0
12:2:47:598,-0.2843018,-0.09960938,0.9647217,0.02929688,0.08203125,1.140625,0.2093506,3.028107,-7.013245,127.1318,15.66941,213.8247,746.3671,15.66941,0,0,89.97765,252,0,-4.68684,-15.42639,0
12:2:47:630,-0.1350098,-0.09692383,0.9874268,0.005859375,0.05859375,1.141602,-0.06729126,2.773895,3.304749,151.9012,15.66941,213.8247,746.3671,15.66941,0,0,89.97765,252,0,-4.990244,-7.178577,0
12:2:47:662,-0.05297852,-0.208374,0.9593506,0.0390625,0.1162109,1.12793,-0.5906677,0.2766418,7.215118,151.9012,15.66941,226.2094,746.3671,15.66941,0,0,89.97765,252,0,-12.08366,-2.687291,0
12:2:47:694,-0.04785156,-0.2154541,0.9562988,0.04296875,0.03417969,1.143555,1.413116,1.921539,-36.83823,151.9012,15.66941,226.2094,746.3671,15.66941,0,0,89.97765,252,0,-12.61936,-2.42491,0
12:2:47:726,0.00793457,-0.1854248,0.9921875,0.01855469,0.04492188,1.138672,2.115936,0.3514099,-32.32224,151.9012,15.66941,226.2094,746.3671,15.66941,0,0,89.97765,252,0,-10.58369,0.3886021,0
12:2:47:758,-0.09838867,-0.2666016,0.9710693,-0.006835938,0.03710938,1.140625,-0.4187012,-2.392578,19.63409,151.9012,28.05412,226.2094,733.9824,15.66941,0,0,89.97765,252,0,-14.35997,-4.65028,0
12:2:47:790,-0.04553223,-0.112915,0.9737549,-0.00390625,0.09472656,1.115234,-2.586975,-2.998199,61.09299,151.9012,28.05412,226.2094,733.9824,15.66941,0,0,89.97765,252,0,-6.482566,-2.457046,0
12:2:47:822,0.08813477,-0.06225586,0.9918213,0.06542969,0.06152344,1.131836,-3.050537,-6.818848,59.47052,176.6706,28.05412,226.2094,746.3671,15.66941,0,0,89.97765,252,0,-3.324172,4.81646,0
12:2:47:854,0.1972656,-0.07556152,0.960083,0.03808594,0.109375,1.121094,-3.992615,-4.276733,4.837494,151.9012,28.05412,226.2094,746.3671,15.66941,0,0,77.59294,252,0,-3.863001,11.18843,0
12:2:47:886,0.2194824,-0.07788086,0.9619141,0.1083984,0.1728516,1.112305,-4.000092,0.1495361,-38.685,151.9012,28.05412,226.2094,746.3671,15.66941,0,0,89.97765,252,0,-3.891973,12.34134,0
12:2:47:919,0.1973877,-0.1602783,0.9820557,0.06835938,0.1083984,1.130859,-4.927216,5.241241,-66.33423,151.9012,28.05412,226.2094,733.9824,15.66941,0,0,77.59294,252,0,-7.854627,9.95408,0
12:2:47:950,0.185791,-0.3214111,0.9758301,0.1152344,0.03417969,1.105469,-3.656158,6.130981,-37.19711,151.9012,28.05412,226.2094,733.9824,15.66941,0,0,77.59294,252,0,-15.77108,8.29933,0
12:2:47:983,0.05297852,-0.3905029,0.9960938,0.046875,0.0859375,1.141602,-4.26178,6.400146,12.19467,151.9012,28.05412,226.2094,733.9824,15.66941,0,0,89.97765,252,0,-20.4868,2.194221,0
12:2:48:15,0.06713867,-0.2635498,0.9624023,0.09375,0.08496094,1.118164,-1.786957,8.658142,-1.031799,151.9012,28.05412,226.2094,733.9824,15.66941,0,0,139.5165,252,0,-14.85894,3.229778,0
12:2:48:47,0.06713867,-0.2635498,0.9624023,0.09667969,0.1181641,1.115234,0.4859924,7.992706,-24.04541,151.9012,28.05412,226.2094,733.9824,15.66941,0,0,189.0553,252,0,-14.85894,3.229778,0
12:2:48:78,-0.07226563,-0.2510986,0.9112549,0.0546875,0.05273438,1.085938,1.173859,8.127289,-36.35971,139.5165,15.66941,226.2094,758.7518,28.05412,0,0,213.8247,252,0,-15.54545,-3.822866,0
12:2:48:110,0.0267334,-0.1481934,0.9483643,0.06152344,0.02148438,1.09668,-0.3588867,8.291779,-18.60977,139.5165,52.82353,238.5941,758.7518,40.43883,0,0,226.2094,252,0,-9.091052,1.461814,0
12:2:48:142,-0.02612305,-0.1341553,0.9669189,0.109375,0.140625,1.068359,-1.091614,6.213226,-12.57599,139.5165,65.20824,238.5941,758.7518,40.43883,0,0,226.2094,252,0,-7.946661,-1.399738,0
12:2:48:175,0.005981445,-0.2093506,0.8773193,0.1865234,0.3310547,1.022461,-1.674805,6.445007,-14.92371,139.5165,89.97765,238.5941,771.1365,40.43883,0,0,226.2094,252,0,-15.10403,0.3500443,0
12:2:48:206,0.04492188,-0.2419434,0.6971436,0.046875,0.21875,1.201172,-1.26358,2.803802,-16.19476,139.5165,102.3624,238.5941,771.1365,28.05412,0,0,226.2094,252,0,-24.49858,3.531239,0
12:2:48:239,0.3099365,-0.2338867,1.049316,-0.1845703,-0.203125,1.539063,-0.5981445,2.871094,-19.88831,127.1318,114.7471,226.2094,771.1365,28.05412,0,0,238.5941,252,0,-9.411736,13.07083,0
12:2:48:271,-0.02380371,-0.1523438,0.9030762,0.0703125,0.0859375,1.101563,2.026215,9.891815,-4.620667,139.5165,164.2859,238.5941,771.1365,28.05412,0,0,238.5941,252,0,-10.28731,-1.408814,0
12:2:48:302,-0.01867676,-0.1564941,0.9685059,0.04589844,0.08105469,1.131836,2.34024,8.583374,-12.32925,139.5165,151.9012,238.5941,771.1365,28.05412,0,0,238.5941,254,0,-9.290185,-0.9776133,0
12:2:48:335,-0.03479004,-0.1158447,0.9801025,0.04589844,0.07617188,1.136719,1.046753,7.902985,-15.01343,139.5165,139.5165,238.5941,771.1365,28.05412,0,0,238.5941,254,0,-6.638284,-1.851119,0
12:2:48:366,-0.04150391,-0.1055908,0.9638672,0.03808594,0.07714844,1.125977,0.04486084,6.901093,-8.501129,139.5165,127.1318,250.9788,771.1365,28.05412,0,0,213.8247,254,0,-6.209103,-2.297172,0
12:2:48:398,-0.002075195,-0.1976318,0.9605713,0.04980469,0.08105469,1.121094,-1.443024,4.680481,12.74048,139.5165,127.1318,250.9788,771.1365,28.05412,0,0,189.0553,254,0,-12.06314,-0.1061294,0
12:2:48:430,0.02612305,-0.2235107,0.9822998,0.04980469,0.0625,1.139648,-0.8299255,4.687958,7.222595,139.5165,127.1318,250.9788,771.1365,28.05412,0,0,189.0553,254,0,-12.70942,1.25923,0
12:2:48:462,-0.01135254,-0.2425537,0.9750977,0.05859375,0.07421875,1.138672,0.695343,4.538422,-0.1869202,139.5165,139.5165,250.9788,771.1365,28.05412,0,0,201.44,254,0,-14.14894,-0.5450392,0
12:2:48:494,0.01708984,-0.2407227,0.9815674,0.046875,0.06347656,1.133789,0.7327271,4.620667,-0.4187012,139.5165,164.2859,250.9788,771.1365,28.05412,0,0,201.44,254,0,-13.793,0.8130813,0
12:2:48:526,0.07751465,-0.2493896,0.9862061,0.046875,0.05761719,1.133789,2.886047,6.056213,-13.4433,139.5165,189.0553,250.9788,783.5212,28.05412,0,0,213.8247,252,0,-13.35954,3.629581,0
12:2:48:558,0.08605957,-0.2431641,0.9876709,0.05859375,0.07617188,1.131836,3.267365,6.497345,-16.89011,139.5165,201.44,250.9788,783.5212,28.05412,0,0,226.2094,252,0,-12.90184,4.039426,0
12:2:48:590,0.1132813,-0.1800537,0.980957,0.04296875,0.06640625,1.131836,5.345917,9.278717,-22.17621,139.5165,226.2094,250.9788,783.5212,40.43883,0,0,226.2094,252,0,-9.503474,5.663323,0
12:2:48:622,0.1245117,-0.1431885,0.979248,0.02734375,0.06933594,1.131836,4.269257,11.50681,-9.293671,139.5165,238.5941,250.9788,783.5212,40.43883,0,0,226.2094,252,0,-7.528646,6.445673,0
12:2:48:654,0.1502686,-0.1715088,0.9669189,0.04492188,0.08105469,1.131836,4.082336,12.41898,-8.695526,139.5165,275.7483,250.9788,783.5212,52.82353,0,0,226.2094,252,0,-8.980935,7.734164,0
12:2:48:686,0.1160889,-0.1820068,0.9714355,0.02441406,0.0703125,1.131836,4.314117,15.8284,-14.20593,127.1318,362.4412,250.9788,783.5212,52.82353,0,0,238.5941,252,0,-9.744961,5.887899,0
12:2:48:718,0.0826416,-0.1755371,0.9921875,0.01855469,0.0859375,1.140625,4.276733,17.58545,-19.16306,114.7471,498.673,238.5941,783.5212,40.43883,0,0,275.7483,252,0,-9.341642,4.075119,0
12:2:48:750,0.05895996,-0.1359863,0.9815674,0.02441406,0.01855469,1.139648,2.684174,18.57239,-23.28278,114.7471,560.5965,238.5941,783.5212,40.43883,0,0,288.133,252,0,-7.576017,3.069618,0
12:2:48:783,0.01599121,-0.078125,1.045654,-0.07519531,0.08984375,1.139648,1.540222,20.04532,-31.76147,114.7471,733.9824,238.5941,795.9059,52.82353,0,0,312.9024,252,0,-4.028231,0.7820384,0
12:2:48:814,-0.08447266,0.02954102,0.944458,0.0546875,-0.008789063,1.107422,0.88974,21.03973,-31.73157,114.7471,771.1365,250.9788,808.2906,52.82353,0,0,325.2871,252,0,1.732827,-5.237351,0
12:2:48:846,-0.1030273,-0.1279297,0.9287109,0.01367188,-0.006835938,1.105469,-3.334656,18.89389,-24.20242,102.3624,894.9836,250.9788,820.6754,52.82353,0,0,350.0565,252,0,-7.547538,-5.938689,0
12:2:48:878,-0.01220703,-0.2220459,1.063965,0.002929688,0.02832031,1.163086,-0.8747864,17.06955,-43.30566,102.3624,1018.831,263.3636,845.4448,65.20824,0,0,374.8259,252,0,-10.98217,-0.5165124,0
12:2:48:910,-0.07714844,-0.1408691,1.050293,-0.05078125,0.01171875,1.157227,-0.2467346,18.6322,-56.43494,102.3624,1043.6,275.7483,857.8295,77.59294,0,0,399.5953,252,0,-6.80628,-3.548779,0
12:2:48:942,-0.08166504,0.02478027,0.9560547,-0.05078125,-0.03125,1.104492,-2.863617,18.37799,-44.32251,114.7471,1093.139,275.7483,882.5989,65.20824,0,0,411.98,252,0,1.425634,-4.971464,0
12:2:48:974,-0.06835938,0.06689453,1.028198,-0.05078125,-0.0703125,1.155273,-7.603912,16.41907,-16.26205,114.7471,1142.678,275.7483,882.5989,65.20824,0,0,411.98,40,0,3.401242,-3.480059,0
12:2:49:6,-0.1063232,0.07446289,1.010864,-0.03125,-0.09472656,1.143555,-13.26385,16.74805,27.48474,114.7471,1093.139,275.7483,882.5989,65.20824,0,0,387.2106,38,0,3.776231,-5.539386,0
12:2:49:38,-0.144165,-0.135376,0.9494629,-0.01953125,-0.06152344,1.094727,-13.57788,15.86578,37.8476,114.7471,1006.446,275.7483,882.5989,65.20824,0,0,387.2106,38,0,-7.376851,-7.91569,0
12:2:49:70,-0.1340332,-0.4909668,0.9439697,0.04296875,-0.02539063,1.139648,-10.00397,15.91064,1.712189,114.7471,956.9071,288.133,894.9836,65.20824,0,0,374.8259,510,0,-25.59161,-5.539321,0
12:2:49:102,-0.1268311,-0.4630127,0.9693604,0.03515625,-0.02832031,1.140625,-2.4823,15.90317,-25.73517,114.7471,994.0612,288.133,894.9836,65.20824,0,0,362.4412,510,0,-23.46789,-5.166693,0
12:2:49:135,-0.1420898,-0.243042,0.9822998,-0.015625,-0.04003906,1.141602,1.809387,15.25269,-50.87219,114.7471,1031.215,288.133,882.5989,65.20824,0,0,362.4412,510,0,-12.3828,-6.708784,0
12:2:49:166,-0.1612549,-0.1087646,0.9598389,-0.02246094,-0.09472656,1.094727,2.31781,14.82651,-48.49457,114.7471,1055.985,288.133,882.5989,52.82353,0,0,362.4412,18,0,-5.737322,-8.897423,0
12:2:49:198,-0.1262207,-0.03039551,0.9991455,-0.05566406,-0.1220703,1.143555,-1.600037,12.22458,-19.85092,114.7471,1093.139,288.133,882.5989,52.82353,0,0,362.4412,18,0,-1.548325,-6.99527,0
12:2:49:230,-0.05773926,-0.08740234,0.9904785,-0.03027344,-0.08691406,1.124023,-3.977661,11.55167,-7.431946,114.7471,1105.524,288.133,882.5989,52.82353,0,0,337.6718,80,0,-4.809474,-3.093267,0
12:2:49:262,-0.0255127,-0.1376953,0.9694824,-0.01660156,-0.06347656,1.131836,-4.680481,12.62833,-4.082336,114.7471,1130.293,288.133,882.5989,52.82353,0,0,337.6718,82,0,-8.117292,-1.356262,0
12:2:49:294,-0.07910156,-0.2266846,0.9884033,0.002929688,-0.08007813,1.155273,-4.927216,13.97415,-2.69165,114.7471,1179.832,288.133,882.5989,52.82353,0,0,325.2871,70,0,-12.11497,-3.760037,0
12:2:49:326,-0.07324219,-0.2896729,0.9824219,0.002929688,-0.09082031,1.141602,-3.484192,14.65454,-0.7775879,114.7471,1216.986,288.133,882.5989,65.20824,0,0,325.2871,18,0,-15.58709,-3.340474,0
12:2:49:358,-0.0534668,-0.2468262,1.004272,-0.0078125,-0.1416016,1.131836,-1.001892,15.74615,-6.39267,114.7471,1241.755,288.133,882.5989,65.20824,0,0,325.2871,18,0,-13.08383,-2.438743,0
12:2:49:390,-0.0859375,-0.2122803,0.9559326,-0.01953125,-0.08691406,1.124023,-0.5831909,17.51068,-0.3813171,114.7471,1241.755,288.133,882.5989,65.20824,0,0,312.9024,18,0,-11.98783,-4.364075,0
12:2:49:422,-0.03759766,-0.1762695,0.9750977,-0.02832031,-0.08789063,1.149414,-0.02243042,17.75742,4.837494,114.7471,1229.371,300.5177,870.2142,65.20824,0,0,312.9024,18,0,-10.11159,-1.910582,0
12:2:49:454,-0.1114502,-0.2093506,0.9891357,-0.02441406,-0.1416016,1.131836,-0.8149719,19.35745,17.80228,114.7471,1216.986,288.133,857.8295,65.20824,0,0,300.5177,18,0,-10.87366,-5.360586,0
12:2:49:486,-0.1174316,-0.2368164,0.947876,-0.04101563,-0.1269531,1.107422,0.1495361,20.86029,14.0564,102.3624,1179.832,288.133,857.8295,65.20824,0,0,300.5177,18,0,-13.12188,-5.905559,0
12:2:49:519,-0.1387939,-0.2612305,0.9642334,-0.04785156,-0.1884766,1.140625,0.927124,21.18927,10.04135,102.3624,1179.832,288.133,857.8295,65.20824,0,0,300.5177,18,0,-13.73788,-6.647148,0
12:2:49:551,-0.1542969,-0.2666016,0.9553223,-0.02539063,-0.1865234,1.12793,2.377625,23.02109,11.94046,102.3624,1117.908,300.5177,845.4448,65.20824,0,0,300.5177,18,0,-14.02953,-7.454466,0
12:2:49:582,-0.2636719,-0.2142334,0.9459229,-0.05078125,-0.2021484,1.121094,4.007568,22.50519,19.80606,102.3624,1105.524,288.133,845.4448,65.20824,0,0,288.133,18,0,-10.47747,-13.37409,0
12:2:49:614,-0.2896729,-0.189209,0.9398193,-0.078125,-0.2519531,1.108398,4.127197,22.00424,25.952,102.3624,1105.524,288.133,845.4448,65.20824,0,0,288.133,18,0,-9.163594,-15.11486,0
12:2:49:646,-0.2967529,-0.2949219,0.9263916,-0.07519531,-0.203125,1.109375,5.263672,20.793,35.67932,102.3624,1117.908,288.133,833.0601,65.20824,0,0,263.3636,18,0,-14.32458,-14.43175,0
12:2:49:678,-0.3338623,-0.3387451,0.9420166,-0.06445313,-0.2119141,1.101563,10.07126,20.34439,21.17432,102.3624,1080.754,288.133,833.0601,65.20824,0,0,250.9788,18,0,-15.50263,-15.23165,0
12:2:49:710,-0.3691406,-0.2873535,0.9846191,-0.078125,-0.2392578,1.139648,11.34232,19.90326,15.62653,102.3624,1031.215,288.133,833.0601,65.20824,0,0,263.3636,16,0,-12.11552,-16.36794,0
12:2:49:742,-0.4208984,-0.1745605,0.9477539,-0.08691406,-0.2158203,1.132813,14.04144,18.75931,2.766418,102.3624,870.2142,263.3636,820.6754,52.82353,0,0,263.3636,16,0,-7.538123,-21.42192,0
12:2:49:774,-0.3572998,-0.06787109,0.9376221,-0.1533203,-0.2070313,1.109375,14.2807,16.78543,0.6654358,102.3624,585.3659,238.5941,808.2906,52.82353,0,0,263.3636,16,0,-3.141959,-20.67119,0
12:2:49:806,-0.3406982,-0.09204102,0.9475098,-0.1142578,-0.2226563,1.117188,14.19098,15.69382,6.108551,114.7471,436.7494,213.8247,808.2906,52.82353,0,0,275.7483,40,0,-4.250302,-18.99365,0
12:2:49:838,-0.3933105,-0.02478027,1.087402,-0.1806641,-0.2050781,1.117188,13.0246,14.3779,27.73148,114.7471,275.7483,213.8247,783.5212,52.82353,0,0,275.7483,26,0,-0.9009577,-18.04548,0
12:2:49:870,-0.4276123,0.07104492,1.158569,-0.0625,-0.04785156,1.420898,9.495544,9.24881,31.83624,114.7471,201.44,213.8247,771.1365,52.82353,0,0,275.7483,22,0,2.298661,-16.83356,0
12:2:49:902,-0.3022461,0.08972168,1.334717,-0.1894531,-0.04296875,1.537109,7.028198,8.605804,25.69778,114.7471,201.44,213.8247,783.5212,65.20824,0,0,288.133,16,0,2.465548,-9.175512,0
12:2:49:934,-0.2480469,-0.05554199,1.328735,-0.0009765625,0.2255859,1.469727,3.58139,2.586975,23.86597,114.7471,238.5941,213.8247,771.1365,65.20824,0,0,288.133,16,0,-1.580026,-7.75645,0
12:2:49:966,-0.2543945,-0.152832,1.072021,0.09667969,0.3935547,1.206055,4.022522,-10.01144,14.36295,114.7471,337.6718,226.2094,771.1365,65.20824,0,0,300.5177,16,0,-6.214104,-11.05508,0
12:2:49:998,-0.2799072,-0.1401367,0.87854,0.1630859,0.3984375,1.085938,4.762726,-22.40051,14.19098,114.7471,449.1342,226.2094,783.5212,89.97765,0,0,312.9024,22,0,-7.589545,-17.06262,0
12:2:50:30,-0.262085,-0.164917,0.8356934,0.1552734,0.3896484,1.063477,4.373932,-30.53528,17.38358,114.7471,473.9036,226.2094,783.5212,102.3624,0,0,325.2871,510,0,-9.74295,-16.8875,0
12:2:50:63,-0.1993408,-0.1605225,0.8116455,0.109375,0.3203125,1.058594,4.321594,-41.51123,13.63022,114.7471,461.5189,238.5941,783.5212,102.3624,0,0,350.0565,18,0,-10.59559,-13.67486,0
12:2:50:93,-0.1879883,-0.1077881,0.8460693,0.08886719,0.2539063,1.091797,4.231873,-47.08893,7.416992,114.7471,411.98,238.5941,783.5212,102.3624,0,0,350.0565,24,0,-6.800868,-12.85728,0
12:2:50:126,-0.1335449,-0.07067871,0.817627,0.07714844,0.1953125,1.089844,3.91037,-51.70212,1.607513,114.7471,374.8259,238.5941,795.9059,102.3624,0,0,350.0565,24,0,-5.035988,-10.24078,0
12:2:50:158,-0.05615234,0.05578613,0.6889648,0.06152344,0.1054688,0.984375,-0.8224487,-58.77518,-2.781372,127.1318,312.9024,226.2094,795.9059,114.7471,0,0,362.4412,26,0,5.99938,-6.042611,0
12:2:50:190,-0.04858398,0.1070557,0.6806641,0.02734375,0.01367188,0.9560547,-2.908478,-58.64807,-3.693542,127.1318,238.5941,213.8247,820.6754,139.5165,0,0,387.2106,40,0,11.81252,-4.86878,0
12:2:50:222,-0.0357666,0.1724854,0.7332764,-0.02246094,-0.109375,1.035156,-6.878662,-57.77328,1.734619,127.1318,189.0553,213.8247,820.6754,151.9012,0,0,411.98,40,0,16.74022,-2.883137,0
12:2:50:254,-0.01672363,0.1621094,0.8054199,-0.1240234,-0.1376953,1.125977,-13.46573,-56.04614,19.54437,127.1318,139.5165,213.8247,833.0601,151.9012,0,0,436.7494,40,0,13.69157,-1.181605,0
12:2:50:430,-0.078125,-0.1258545,0.9307861,-0.1884766,-0.04785156,1.058594,-10.1236,-11.43951,7.858124,127.1318,65.20824,226.2094,845.4448,164.2859,0,0,424.3647,186,0,-7.590041,-4.502055,0
12:2:50:461,0.3974609,-0.28479,1.412109,-0.8212891,-0.07128906,1.136719,-4.276733,-6.714172,-20.20981,127.1318,77.59294,226.2094,845.4448,164.2859,0,0,399.5953,228,0,-6.791007,9.893636,0
12:2:50:622,-0.09594727,-0.1271973,1.031006,0.01855469,0.03417969,1.136719,5.555267,23.12576,-17.65274,127.1318,176.6706,226.2094,845.4448,127.1318,0,0,337.6718,210,0,-6.263427,-4.609013,0
12:2:50:653,-0.08532715,-0.06982422,0.961792,-0.0234375,0.04785156,1.130859,4.98703,21.95938,-29.61563,127.1318,164.2859,226.2094,857.8295,127.1318,0,0,350.0565,236,0,-3.953283,-4.902108,0
12:2:50:685,-0.07250977,0.009643555,0.9671631,-0.03222656,0,1.140625,2.34024,21.39114,-36.83823,127.1318,151.9012,238.5941,857.8295,114.7471,0,0,350.0565,238,0,0.5481797,-4.387481,0
12:2:50:717,-0.1097412,-0.002929688,0.9631348,-0.0625,0.06933594,1.108398,-0.8822632,20.77057,-20.41168,127.1318,151.9012,238.5941,857.8295,114.7471,0,0,387.2106,244,0,-0.1618114,-6.725855,0
12:2:50:750,-0.09558105,-0.05371094,1.019897,-0.046875,0.01171875,1.152344,-2.64679,18.78174,-13.22647,127.1318,151.9012,238.5941,857.8295,114.7471,0,0,399.5953,246,0,-2.707515,-4.993609,0
12:2:50:782,-0.1173096,-0.1478271,0.991333,-0.02441406,0.008789063,1.130859,-3.252411,17.73499,-8.815155,127.1318,139.5165,238.5941,845.4448,89.97765,0,0,399.5953,248,0,-7.653677,-5.923903,0
12:2:50:813,-0.1838379,-0.1126709,0.9793701,-0.03027344,0.0078125,1.121094,-3.072968,16.49384,-17.42844,127.1318,114.7471,226.2094,833.0601,77.59294,0,0,387.2106,54,0,-5.629709,-9.732483,0
12:2:50:845,-0.1990967,-0.1044922,0.9631348,0.01464844,-0.008789063,1.108398,-3.349609,14.57977,-17.33124,127.1318,102.3624,226.2094,833.0601,77.59294,0,0,362.4412,32,0,-5.29844,-10.91828,0
12:2:50:878,-0.151001,-0.1700439,0.9700928,-0.01660156,0.01660156,1.130859,-4.089813,12.49374,-11.40213,127.1318,77.59294,238.5941,833.0601,77.59294,0,0,337.6718,32,0,-8.85025,-7.739046,0
12:2:50:909,-0.1445313,-0.2171631,1.002563,-0.01464844,0.01660156,1.139648,-3.095398,10.83389,-7.387085,127.1318,89.97765,238.5941,833.0601,77.59294,0,0,300.5177,94,0,-10.69671,-6.743663,0
12:2:50:941,-0.1381836,-0.269165,0.9742432,0.006835938,-0.02832031,1.135742,-1.42807,9.794617,-13.21899,127.1318,139.5165,238.5941,833.0601,77.59294,0,0,300.5177,148,0,-13.90384,-6.470943,0
12:2:50:973,-0.1422119,-0.2705078,0.9780273,-0.02539063,-0.008789063,1.131836,0.269165,8.807678,-20.07523,127.1318,151.9012,238.5941,833.0601,77.59294,0,0,300.5177,48,0,-13.83093,-6.610963,0
12:2:51:5,-0.137085,-0.239624,0.9415283,-0.0009765625,-0.07910156,1.136719,0.7028198,7.648773,-26.94641,127.1318,201.44,226.2094,845.4448,77.59294,0,0,312.9024,42,0,-13.17613,-6.940711,0
12:2:51:37,-0.04223633,-0.2406006,0.9888916,-0.01953125,0.01953125,1.154297,2.639313,7.431946,-25.41367,127.1318,325.2871,238.5941,857.8295,77.59294,0,0,325.2871,42,0,-13.27069,-1.985212,0
12:2:51:70,-0.03186035,-0.1955566,0.9841309,0.0009765625,-0.04394531,1.143555,4.9646,8.045044,-24.91272,127.1318,387.2106,226.2094,857.8295,102.3624,0,0,325.2871,42,0,-11.0609,-1.567782,0
12:2:51:109,0.03527832,-0.2055664,1.065186,-0.07910156,0.03710938,1.183594,6.06369,9.263763,-22.26593,127.1318,498.673,226.2094,857.8295,114.7471,0,0,337.6718,98,0,-9.965879,1.507874,0
12:2:51:144,-0.05529785,-0.1431885,0.8679199,0.0625,-0.0078125,1.139648,7.013245,10.83389,-19.84344,127.1318,610.1353,238.5941,857.8295,114.7471,0,0,325.2871,30,0,-10.04216,-3.529747,0
12:2:51:176,-0.03088379,-0.1654053,1.028931,-0.02246094,-0.1728516,1.172852,7.252502,13.18161,-16.09756,127.1318,709.213,250.9788,857.8295,114.7471,0,0,325.2871,30,0,-8.631947,-1.44525,0
12:2:51:207,-0.03527832,-0.1422119,0.9890137,0.03710938,-0.008789063,1.162109,8.082428,16.3443,-2.489777,127.1318,771.1365,238.5941,857.8295,114.7471,0,0,312.9024,32,0,-7.988031,-1.803555,0
12:2:51:239,0.001464844,-0.1861572,0.9890137,-0.04394531,-0.04882813,1.141602,9.375916,17.0845,-1.226196,127.1318,771.1365,238.5941,857.8295,102.3624,0,0,300.5177,32,0,-10.7597,0.07208532,0
12:2:51:271,-0.04968262,-0.196167,0.9598389,-0.08496094,-0.06738281,1.112305,10.74417,17.78732,-1.009369,127.1318,746.3671,250.9788,857.8295,102.3624,0,0,288.133,24,0,-11.4218,-2.545717,0
12:2:51:303,-0.09875488,-0.1988525,0.9550781,-0.07714844,0.006835938,1.136719,12.90497,18.90884,2.803802,127.1318,634.9047,250.9788,845.4448,102.3624,0,0,288.133,36,0,-11.12817,-5.079452,0
12:2:51:335,-0.09301758,-0.1367188,1.047607,-0.1005859,-0.06640625,1.183594,13.85452,18.25836,-0.7701111,127.1318,572.9812,250.9788,820.6754,102.3624,0,0,288.133,38,0,-6.551237,-4.310045,0
12:2:51:367,-0.1385498,-0.09472656,0.9840088,-0.08007813,-0.01953125,1.155273,14.54987,20.1799,-1.248627,127.1318,511.0577,250.9788,820.6754,89.97765,0,0,288.133,30,0,-4.891693,-7.425983,0
12:2:51:399,-0.1485596,-0.04870605,1.041748,-0.1806641,-0.1806641,1.179688,14.43024,18.99109,4.403839,127.1318,411.98,238.5941,795.9059,89.97765,0,0,288.133,30,0,-2.260663,-7.463883,0
12:2:51:432,-0.1600342,-0.04650879,0.9227295,-0.1015625,-0.0703125,1.049805,12.38159,19.02847,18.23593,127.1318,337.6718,213.8247,783.5212,102.3624,0,0,300.5177,84,0,-2.632701,-10.10538,0
12:2:51:464,-0.1848145,0.04125977,1.06311,-0.1162109,-0.08691406,1.276367,13.28629,20.58365,8.770294,114.7471,362.4412,226.2094,783.5212,127.1318,0,0,300.5177,30,0,1.797112,-8.965303,0
12:2:51:495,-0.1848145,0.04125977,1.06311,-0.05566406,0.1933594,1.304688,11.28998,17.00974,15.68634,114.7471,387.2106,226.2094,783.5212,139.5165,0,0,312.9024,28,0,1.797112,-8.965303,0
12:2:51:527,-0.1231689,0.109375,1.235107,-0.078125,0.1005859,1.366211,8.553467,13.41339,15.58167,114.7471,436.7494,226.2094,771.1365,139.5165,0,0,312.9024,24,0,3.795542,-4.308461,0
12:2:51:559,-0.03356934,0.03186035,1.231567,-0.3691406,0.1445313,1.313477,3.813171,9.473114,31.3652,114.7471,486.2883,226.2094,771.1365,139.5165,0,0,312.9024,24,0,1.177304,-1.241804,0
12:2:51:591,-0.1339111,0.02380371,1.084961,0.02929688,0.2773438,1.214844,5.069275,9.338531,31.70914,114.7471,498.673,238.5941,771.1365,139.5165,0,0,312.9024,24,0,1.040159,-6.362478,0
12:2:51:623,-0.1037598,-0.07946777,0.9370117,0.1328125,0.3916016,1.113281,1.278534,-1.555176,43.38791,114.7471,523.4424,238.5941,771.1365,139.5165,0,0,312.9024,32,0,-4.627715,-6.185004,0
12:2:51:655,-0.1688232,-0.02770996,0.8885498,0.1494141,0.3623047,1.0625,0.2841187,-10.63202,29.87732,114.7471,523.4424,238.5941,771.1365,139.5165,0,0,325.2871,36,0,-1.656213,-11.67196,0
12:2:51:687,-0.1693115,0.00793457,0.8944092,0.1484375,0.3417969,1.071289,-1.226196,-16.22467,20.2771,114.7471,511.0577,238.5941,783.5212,139.5165,0,0,325.2871,36,0,0.4690157,-11.83614,0
12:2:51:736,-0.1137695,0.03393555,0.9293213,0.08105469,0.2060547,1.121094,-10.48996,-31.08109,1.510315,127.1318,387.2106,238.5941,783.5212,139.5165,0,0,350.0565,24,0,1.988508,-7.223851,0
12:2:51:767,-0.0814209,0.02185059,0.9036865,0.06542969,0.1943359,1.09375,-11.67877,-32.79327,0.4112244,127.1318,387.2106,238.5941,783.5212,139.5165,0,0,350.0565,24,0,1.393766,-5.546207,0
12:2:51:800,-0.06945801,0.01586914,0.8165283,0.07128906,0.1621094,1.029297,-15.90317,-37.1373,-7.013245,127.1318,362.4412,226.2094,795.9059,139.5165,0,0,362.4412,32,0,1.234886,-5.810243,0
12:2:51:831,-0.0612793,0.02416992,0.7983398,0.0546875,0.1240234,1.018555,-17.12936,-38.15414,-6.437531,127.1318,337.6718,226.2094,795.9059,151.9012,0,0,374.8259,34,0,1.981436,-5.292467,0
12:2:51:863,-0.008056641,0.001953125,0.8226318,0.002929688,0.07714844,1.046875,-20.06027,-39.88876,-8.471222,127.1318,275.7483,213.8247,795.9059,151.9012,0,0,387.2106,34,0,0.1634182,-0.6801326,0
12:2:51:895,0.003173828,-0.04260254,0.8167725,-0.02832031,0.04589844,1.039063,-21.25656,-39.61212,-11.5741,127.1318,238.5941,226.2094,795.9059,151.9012,0,0,399.5953,34,0,-3.636729,0.2562219,0
12:2:51:927,0.01086426,-0.05761719,0.8206787,-0.06933594,0.01464844,1.038086,-21.91452,-37.31674,-21.17432,127.1318,189.0553,226.2094,808.2906,151.9012,0,0,387.2106,98,0,-4.812335,0.8513256,0
12:2:51:959,0.02502441,-0.0423584,0.8713379,-0.1064453,-0.0703125,1.066406,-21.42853,-33.92975,-20.06775,127.1318,102.3624,226.2094,820.6754,151.9012,0,0,399.5953,116,0,-3.091602,1.78811,0
12:2:52:40,0.08105469,-0.1153564,0.99646,-0.2382813,-0.171875,1.167969,-20.4715,-22.90894,-8.329163,139.5165,65.20824,226.2094,833.0601,164.2859,0,0,436.7494,194,0,-6.130609,4.182878,0
12:2:52:71,0.06201172,-0.1746826,1.051636,-0.2880859,-0.1757813,1.1875,-15.15549,-11.76102,-30.13153,139.5165,52.82353,226.2094,845.4448,164.2859,0,0,436.7494,224,0,-8.506305,2.772279,0
12:2:52:103,0.006469727,-0.1466064,1.080566,-0.3007813,-0.1601563,1.210938,-12.38907,-4.276733,-37.15973,139.5165,28.05412,226.2094,845.4448,164.2859,0,0,449.1342,236,0,-7.117557,0.2820549,0
12:2:52:135,-0.05749512,-0.04638672,1.127686,-0.2851563,-0.2578125,1.34668,-8.673096,4.373932,-51.1264,139.5165,28.05412,226.2094,845.4448,164.2859,0,0,449.1342,242,0,-1.998755,-2.497714,0
12:2:52:167,0.02307129,-0.06311035,1.008545,-0.3125,-0.1894531,1.202148,-8.755341,7.125397,-54.99191,139.5165,40.43883,226.2094,857.8295,164.2859,0,0,449.1342,242,0,-3.471843,1.223474,0
12:2:52:199,0.3608398,-0.2271729,1.162231,-0.3759766,-0.02441406,1.094727,-6.609497,17.46582,-41.59348,139.5165,65.20824,226.2094,857.8295,176.6706,0,0,449.1342,246,0,-7.560324,12.88068,0
12:2:52:231,0.2053223,-0.3424072,1.181152,0.21875,0.21875,1.577148,-9.689941,29.09973,-8.815155,127.1318,89.97765,226.2094,882.5989,164.2859,0,0,424.3647,252,0,-12.07611,6.739342,0
12:2:52:263,-0.07312012,-0.2453613,0.9285889,-0.02441406,0.1396484,1.09668,-7.49176,27.92587,5.861816,127.1318,102.3624,226.2094,870.2142,164.2859,0,0,411.98,252,0,-14.69796,-3.776867,0
12:2:52:296,-0.1054688,-0.300415,0.949585,0.0859375,-0.03613281,1.085938,-7.379608,28.94272,6.564636,127.1318,127.1318,226.2094,870.2142,151.9012,0,0,411.98,252,0,-16.60844,-5.014015,0
12:2:52:327,-0.1459961,-0.2397461,0.8441162,0.03417969,0.02929688,1.131836,-3.192596,23.58932,-9.443207,127.1318,176.6706,226.2094,857.8295,139.5165,0,0,399.5953,252,0,-15.60252,-8.716287,0
12:2:52:359,-0.2032471,-0.173584,0.9290771,0.046875,0.07128906,1.109375,-1.338348,20.83038,-19.17053,127.1318,164.2859,226.2094,857.8295,127.1318,0,0,399.5953,252,0,-9.245007,-11.09155,0
12:2:52:391,-0.09606934,-0.0826416,1.025024,0.006835938,0.0546875,1.149414,-3.072968,17.40601,-22.565,139.5165,114.7471,226.2094,845.4448,127.1318,0,0,374.8259,240,0,-4.121968,-4.845283,0
12:2:52:423,-0.1048584,-0.01708984,0.9744873,-0.0009765625,0.1025391,1.131836,-3.828125,17.42844,-22.67715,139.5165,77.59294,238.5941,833.0601,139.5165,0,0,362.4412,228,0,-0.9285018,-6.190598,0
12:2:52:455,-0.004760742,-0.07556152,0.9921875,0.02929688,0.08984375,1.152344,-5.562744,14.15359,7.192688,139.5165,65.20824,238.5941,833.0601,127.1318,0,0,350.0565,232,0,-4.368155,-0.2573295,0
12:2:52:487,0.08789063,-0.2160645,0.9749756,0.04785156,0.03710938,1.131836,-8.112335,14.04144,13.6377,139.5165,65.20824,238.5941,820.6754,139.5165,0,0,337.6718,234,0,-11.75332,4.308321,0
12:2:52:519,0.08337402,-0.2653809,0.9821777,0.04003906,0.05371094,1.143555,-7.297363,15.49194,6.108551,139.5165,65.20824,238.5941,820.6754,139.5165,0,0,312.9024,218,0,-14.20946,3.877622,0
12:2:52:552,0.05090332,-0.2624512,0.9764404,0.07128906,0.02148438,1.143555,-5.271149,17.0845,5.630035,139.5165,77.59294,226.2094,808.2906,139.5165,0,0,312.9024,204,0,-14.64489,2.397298,0
12:2:52:583,0.04785156,-0.2641602,0.9744873,0.0546875,-0.015625,1.124023,-3.080444,18.66211,3.940277,127.1318,89.97765,226.2094,795.9059,139.5165,0,0,300.5177,192,0,-14.83303,2.257626,0
12:2:52:614,0.01086426,-0.2806396,1.016724,0.06933594,0.006835938,1.235352,-2.811279,20.10513,10.85632,127.1318,114.7471,226.2094,795.9059,139.5165,0,0,300.5177,178,0,-15.03798,0.4735832,0
12:2:52:648,-0.04504395,-0.2833252,0.9487305,0.05273438,-0.04394531,1.121094,-0.3813171,20.31448,12.5386,127.1318,151.9012,226.2094,795.9059,139.5165,0,0,300.5177,176,0,-16.68729,-2.179779,0
12:2:52:679,-0.04345703,-0.3341064,0.9598389,0.02929688,0.0234375,1.125977,2.512207,21.27151,18.81165,127.1318,201.44,226.2094,795.9059,139.5165,0,0,300.5177,228,0,-19.10173,-1.982568,0
12:2:52:711,-0.09887695,-0.3345947,0.8969727,0.03027344,-0.03320313,1.112305,5.652466,21.75003,12.29935,127.1318,263.3636,226.2094,795.9059,139.5165,0,0,312.9024,168,0,-20.32249,-4.960756,0
12:2:52:743,-0.05102539,-0.3580322,0.9833984,0.0546875,-0.1181641,1.179688,7.28241,21.75751,4.538422,127.1318,288.133,226.2094,795.9059,139.5165,0,0,300.5177,40,0,-19.37513,-2.205181,0
12:2:52:775,-0.07824707,-0.2600098,0.9718018,-0.0234375,-0.00390625,1.141602,9.002075,22.89398,1.854248,127.1318,337.6718,226.2094,795.9059,139.5165,0,0,312.9024,38,0,-14.26531,-3.717124,0
12:2:52:807,-0.07958984,-0.1965332,0.9708252,-0.001953125,-0.09082031,1.148438,10.6395,23.10333,1.555176,127.1318,411.98,226.2094,795.9059,139.5165,0,0,312.9024,40,0,-10.88429,-3.997035,0
12:2:52:839,-0.0748291,-0.1760254,0.9693604,-0.01171875,-0.09570313,1.130859,11.48438,23.80615,2.736511,127.1318,449.1342,226.2094,795.9059,139.5165,0,0,312.9024,36,0,-9.843472,-3.837087,0
12:2:52:871,-0.1052246,-0.1723633,0.9543457,-0.02441406,-0.07519531,1.116211,11.3797,24.48654,6.340332,114.7471,511.0577,226.2094,795.9059,139.5165,0,0,312.9024,32,0,-9.628489,-5.548749,0
12:2:52:903,-0.0838623,-0.1970215,1.037964,-0.09082031,-0.1689453,1.167969,11.97037,24.32953,12.88254,114.7471,560.5965,226.2094,795.9059,139.5165,0,0,325.2871,30,0,-9.629446,-3.764967,0
12:2:52:935,-0.1212158,-0.2371826,0.9244385,-0.09277344,-0.09082031,1.124023,13.85452,26.15387,16.54617,114.7471,684.4435,226.2094,795.9059,139.5165,0,0,325.2871,28,0,-13.66162,-6.33543,0
12:2:52:967,-0.1624756,-0.2226563,0.9777832,-0.04785156,-0.06640625,1.148438,15.00595,26.62491,13.45078,114.7471,709.213,226.2094,783.5212,139.5165,0,0,337.6718,26,0,-11.25816,-7.848258,0
12:2:52:999,-0.2133789,-0.08374023,0.9587402,-0.08789063,-0.15625,1.117188,16.67328,28.35205,10.58716,114.7471,733.9824,238.5941,783.5212,139.5165,0,0,337.6718,22,0,-4.228685,-12.01099,0
12:2:53:31,-0.2272949,0.0612793,1.013672,-0.1601563,-0.0390625,1.105469,15.5368,27.9184,20.00046,114.7471,684.4435,238.5941,783.5212,151.9012,0,0,350.0565,510,0,2.795813,-11.79146,0
12:2:53:63,-0.2385254,-0.01940918,1.148193,0.03808594,0.1865234,1.335938,13.09189,26.15387,31.41006,114.7471,634.9047,238.5941,783.5212,151.9012,0,0,362.4412,510,0,-0.7142562,-10.10974,0
12:2:53:95,-0.15979,-0.1427002,1.28894,-0.15625,0.01855469,1.422852,11.31241,20.07523,37.04758,114.7471,659.6741,238.5941,783.5212,151.9012,0,0,374.8259,510,0,-4.480363,-5.061598,0
12:2:53:127,-0.2299805,-0.199585,1.11145,0.1523438,0.3662109,1.335938,12.20963,13.58536,28.16513,114.7471,696.8282,238.5941,783.5212,164.2859,0,0,387.2106,510,0,-7.756377,-9.105672,0
12:2:53:159,-0.1999512,-0.1881104,1.07666,0.171875,0.359375,1.246094,12.9274,-0.2018738,19.37988,114.7471,733.9824,238.5941,783.5212,164.2859,0,0,399.5953,18,0,-7.879855,-8.441536,0
12:2:53:191,-0.177002,-0.1253662,1.038208,0.1904297,0.34375,1.211914,11.81335,-7.252502,16.23215,114.7471,733.9824,238.5941,783.5212,164.2859,0,0,399.5953,18,0,-5.705097,-8.36843,0
12:2:53:223,-0.1549072,-0.06311035,1.008301,0.1943359,0.3359375,1.194336,11.19278,-10.62454,13.94424,114.7471,746.3671,238.5941,783.5212,164.2859,0,0,411.98,18,0,-3.083419,-8.164047,0
12:2:53:729,-0.1688232,-0.184082,0.9458008,-0.2519531,-0.1005859,1.055664,-3.828125,12.58347,-22.86407,139.5165,40.43883,238.5941,857.8295,164.2859,0,0,498.673,250,0,-9.821317,-8.895628,0
12:2:53:760,-0.1390381,-0.1134033,1.016968,-0.2539063,-0.1601563,1.139648,-2.878571,13.53302,-29.2717,139.5165,40.43883,238.5941,857.8295,164.2859,0,0,498.673,252,0,-5.520858,-6.907872,0
12:2:53:792,-0.03283691,-0.1450195,1.066284,-0.2783203,-0.1972656,1.201172,-1.607513,19.20044,-13.08441,139.5165,28.05412,238.5941,857.8295,164.2859,0,0,498.673,252,0,-7.066881,-1.467264,0
12:2:53:824,0.295166,-0.3719482,1.354736,0.2617188,0.0546875,1.516602,-0.6729126,22.35565,3.663635,139.5165,40.43883,238.5941,870.2142,164.2859,0,0,498.673,248,0,-9.903147,7.6167,0
12:2:53:856,0.1151123,-0.430542,1.137573,0.1484375,-0.046875,1.521484,-3.947754,27.70157,9.719849,139.5165,52.82353,238.5941,870.2142,164.2859,0,0,486.2883,246,0,-16.98925,3.818639,0
12:2:53:888,-0.1663818,-0.3566895,0.8735352,0.1650391,0.1328125,1.131836,1.308441,29.48105,-8.493652,139.5165,52.82353,238.5941,857.8295,164.2859,0,0,486.2883,250,0,-20.9951,-8.451626,0
12:2:53:920,-0.1998291,-0.2823486,0.9719238,0.07714844,0.008789063,1.124023,4.224396,23.44727,-22.68463,139.5165,65.20824,238.5941,857.8295,164.2859,0,0,486.2883,250,0,-13.85858,-9.25009,0
12:2:53:952,-0.2398682,-0.2028809,0.9584961,0.06152344,0.08105469,1.12793,4.246826,19.73129,-34.63257,139.5165,65.20824,238.5941,857.8295,164.2859,0,0,486.2883,252,0,-9.932428,-12.07162,0
12:2:53:984,-0.2287598,-0.1638184,0.9490967,0.06542969,0.08984375,1.128906,4.650574,16.47141,-41.7804,139.5165,65.20824,238.5941,857.8295,164.2859,0,0,486.2883,252,0,-8.252098,-12.1272,0
12:2:54:17,-0.1790771,-0.1512451,0.9857178,0.0546875,-0.02050781,1.139648,3.828125,12.16476,-41.586,139.5165,65.20824,238.5941,870.2142,139.5165,0,0,486.2883,252,0,-7.487783,-9.0612,0
12:2:54:48,-0.08520508,-0.2054443,0.9615479,0.04296875,0.03027344,1.112305,3.573914,8.91983,-31.14838,139.5165,52.82353,238.5941,870.2142,139.5165,0,0,486.2883,150,0,-11.50013,-4.312027,0
12:2:54:80,0.02124023,-0.2407227,0.9776611,0.05078125,0.09765625,1.139648,3.155212,8.703003,-27.20062,139.5165,52.82353,238.5941,870.2142,139.5165,0,0,498.673,90,0,-13.84055,1.016969,0
12:2:54:113,0.05993652,-0.2281494,0.9733887,0.046875,0.07714844,1.133789,4.142151,8.501129,-27.96326,139.5165,52.82353,238.5941,870.2142,139.5165,0,0,498.673,90,0,-12.76045,2.918541,0
12:2:54:144,0.07128906,-0.2198486,0.9676514,0.0546875,0.05371094,1.12793,4.747772,9.899292,-26.99875,139.5165,52.82353,238.5941,870.2142,139.5165,0,0,486.2883,148,0,-12.30803,3.528287,0
12:2:54:176,0.1011963,-0.1916504,0.9951172,0.04296875,0.09375,1.124023,5.368347,11.4769,-25.25665,139.5165,52.82353,238.5941,870.2142,139.5165,0,0,473.9036,190,0,-9.959139,4.893791,0
12:2:54:208,0.08129883,-0.1722412,0.9606934,0.03027344,0.03515625,1.09668,5.824432,12.6059,-23.51456,139.5165,65.20824,238.5941,870.2142,139.5165,0,0,473.9036,194,0,-9.732423,4.245495,0
12:2:54:240,0.1049805,-0.1569824,0.9302979,-0.009765625,0.04296875,1.084961,4.732819,15.73868,-8.740387,139.5165,65.20824,238.5941,870.2142,139.5165,0,0,449.1342,236,0,-9.188857,5.862401,0
12:2:54:272,0.09069824,-0.1955566,0.9937744,-0.015625,0.0703125,1.171875,4.351501,16.74805,-4.508514,139.5165,77.59294,238.5941,870.2142,127.1318,0,0,424.3647,240,0,-10.27937,4.383644,0
12:2:54:304,0.03271484,-0.2181396,0.958252,0.01464844,0.03125,1.115234,4.82254,18.49014,5.016937,139.5165,102.3624,238.5941,870.2142,139.5165,0,0,411.98,242,0,-12.91948,1.649003,0
12:2:54:337,0.003173828,-0.2155762,0.9538574,0.02148438,0.05859375,1.143555,3.730927,18.83408,1.831818,127.1318,127.1318,238.5941,870.2142,139.5165,0,0,399.5953,246,0,-13.28502,0.161581,0
12:2:54:368,0.01269531,-0.192627,0.9118652,-0.0009765625,-0.01953125,1.125977,7.529144,20.19485,3.895416,127.1318,189.0553,238.5941,870.2142,139.5165,0,0,387.2106,88,0,-12.85361,0.7102165,0
12:2:54:400,0.02941895,-0.1749268,1.089355,-0.0078125,0.01367188,1.167969,6.78894,21.98181,3.805695,127.1318,288.133,226.2094,857.8295,139.5165,0,0,374.8259,88,0,-8.185323,1.237729,0
12:2:54:432,-0.05285645,-0.1557617,0.9383545,-0.08691406,-0.009765625,1.146484,8.56842,22.68463,7.177734,127.1318,350.0565,238.5941,857.8295,139.5165,0,0,362.4412,38,0,-9.474314,-2.919921,0
12:2:54:465,-0.05639648,-0.1567383,1.02356,-0.01953125,-0.04785156,1.155273,9.368439,23.0809,11.07315,127.1318,362.4412,238.5941,845.4448,139.5165,0,0,350.0565,30,0,-8.079946,-2.680911,0
12:2:54:496,-0.03063965,-0.1800537,0.982666,-0.04589844,-0.02539063,1.138672,9.95163,23.86597,14.46014,114.7471,473.9036,238.5941,820.6754,139.5165,0,0,337.6718,22,0,-10.24434,-1.531924,0
12:2:54:529,-0.1337891,-0.1949463,0.8999023,-0.1103516,-0.05078125,1.109375,10.90118,24.08279,21.5033,114.7471,610.1353,226.2094,808.2906,139.5165,0,0,325.2871,28,0,-11.67283,-7.584539,0
12:2:54:560,-0.1029053,-0.2089844,1.007446,-0.004882813,-0.03515625,1.194336,10.62454,23.43979,31.52222,114.7471,684.4435,201.44,808.2906,139.5165,0,0,325.2871,36,0,-10.58929,-4.805987,0
12:2:54:592,-0.2349854,-0.3304443,0.9632568,-0.06640625,-0.00390625,1.155273,15.49942,23.00613,23.40988,102.3624,845.4448,226.2094,808.2906,164.2859,0,0,362.4412,26,0,-15.86345,-10.57798,0
12:2:54:624,-0.2542725,-0.2038574,1.04895,-0.1640625,-0.09375,1.199219,20.4715,20.47897,-9.899292,102.3624,1006.446,250.9788,808.2906,189.0553,0,0,387.2106,24,0,-8.558565,-11.03262,0
12:2:54:656,-0.2747803,-0.09533691,0.9575195,-0.1533203,-0.08789063,1.121094,22.89398,19.29016,-20.83786,102.3624,1093.139,250.9788,808.2906,189.0553,0,0,411.98,22,0,-4.574255,-15.18824,0
12:2:54:688,-0.2579346,-0.05334473,0.9807129,-0.09082031,-0.06445313,1.085938,24.24728,18.61725,-20.72571,102.3624,1117.908,263.3636,808.2906,189.0553,0,0,411.98,510,0,-2.504223,-14.25643,0
12:2:54:720,-0.2243652,0.03955078,0.9981689,-0.1689453,-0.04589844,1.136719,21.61545,18.63968,-18.23593,102.3624,1130.293,263.3636,808.2906,189.0553,0,0,424.3647,510,0,1.855729,-12.221,0
12:2:54:752,-0.1728516,0.1286621,0.973999,-0.1894531,-0.05957031,1.121094,18.85651,19.8584,-10.10117,102.3624,1142.678,275.7483,808.2906,189.0553,0,0,411.98,22,0,6.544397,-9.11505,0
12:2:54:784,-0.1040039,0.1542969,0.9936523,-0.1572266,-0.09082031,1.121094,15.55176,22.27341,5.031891,114.7471,1080.754,275.7483,795.9059,189.0553,0,0,411.98,50,0,8.047245,-5.205294,0
12:2:54:816,-0.1485596,0.2150879,1.002808,-0.2285156,-0.078125,1.132813,11.84326,23.07343,16.15738,114.7471,1031.215,250.9788,795.9059,189.0553,0,0,411.98,50,0,10.55628,-6.93873,0
12:2:54:848,-0.05334473,0.2478027,1.151001,-0.0078125,-0.1113281,1.146484,4.366455,20.44159,43.27576,114.7471,919.753,213.8247,783.5212,189.0553,0,0,424.3647,18,0,10.19335,-1.942798,0
12:2:54:880,-0.1094971,0.1364746,1.303223,0.04296875,0.3183594,1.46875,-2.15332,16.74057,47.83661,114.7471,907.3683,226.2094,783.5212,201.44,0,0,424.3647,18,0,4.316984,-3.415124,0
12:2:54:913,-0.2294922,0.07861328,1.21521,-0.006835938,0.2880859,1.433594,-5.046844,11.68625,50.29648,114.7471,919.753,226.2094,771.1365,201.44,0,0,411.98,18,0,2.637999,-8.393449,0
12:2:54:945,-0.2041016,-0.0144043,1.134277,0.1748047,0.4990234,1.277344,-8.979645,2.31781,45.47394,114.7471,932.1377,238.5941,771.1365,189.0553,0,0,411.98,16,0,-0.5536239,-8.915993,0
12:2:54:976,-0.2266846,-0.0534668,0.9949951,0.2294922,0.4804688,1.167969,-11.76849,-14.10873,32.84561,114.7471,919.753,238.5941,771.1365,189.0553,0,0,411.98,18,0,-2.516193,-12.25642,0
12:2:55:8,-0.1989746,-0.06335449,0.9403076,0.1875,0.4140625,1.15625,-14.39285,-25.8847,20.68832,114.7471,857.8295,238.5941,783.5212,189.0553,0,0,411.98,18,0,-3.347462,-11.85936,0
12:2:55:40,-0.1784668,-0.04589844,0.9273682,0.1728516,0.3603516,1.148438,-16.11252,-32.1727,11.63391,114.7471,820.6754,226.2094,783.5212,189.0553,0,0,411.98,24,0,-2.530699,-11.14471,0
12:2:55:72,-0.1148682,-0.03149414,0.8634033,0.1416016,0.2890625,1.115234,-18.65463,-41.60843,-1.024323,127.1318,696.8282,226.2094,783.5212,176.6706,0,0,411.98,24,0,-2.096485,-8.409871,0
12:2:55:104,-0.05212402,-0.05090332,0.7982178,0.09472656,0.2304688,1.076172,-21.51825,-49.16,-12.87506,127.1318,585.3659,226.2094,783.5212,164.2859,0,0,411.98,24,0,-4.223652,-4.332202,0
12:2:55:136,-0.007080078,-0.03479004,0.7470703,0.04492188,0.1542969,1.021484,-22.15378,-51.90399,-23.02856,127.1318,436.7494,226.2094,783.5212,164.2859,0,0,399.5953,24,0,-3.522348,-0.6841567,0
12:2:55:169,0.01037598,-0.01245117,0.7580566,0.03027344,0.1367188,1.024414,-22.65472,-53.1601,-26.65482,127.1318,374.8259,213.8247,783.5212,164.2859,0,0,399.5953,86,0,-1.219249,1.012497,0
12:2:55:200,0.04272461,0.007446289,0.7800293,-0.04785156,-0.01953125,1.068359,-24.78561,-52.86102,-19.88083,127.1318,288.133,226.2094,795.9059,164.2859,0,0,411.98,122,0,0.6551625,3.968268,0
12:2:55:232,0.1506348,-0.05517578,0.8538818,-0.1328125,-0.078125,1.081055,-24.05289,-46.259,-20.61356,139.5165,139.5165,226.2094,795.9059,176.6706,0,0,424.3647,144,0,-3.588756,10.87212,0
12:2:55:264,0.1860352,-0.06787109,0.8574219,-0.1601563,-0.1142578,1.081055,-23.23792,-44.18793,-22.81174,139.5165,114.7471,226.2094,808.2906,176.6706,0,0,424.3647,190,0,-4.213724,13.04321,0
12:2:55:296,0.1867676,-0.04943848,0.9372559,-0.2050781,-0.1875,1.121094,-24.76318,-33.17459,-15.01343,139.5165,65.20824,226.2094,820.6754,176.6706,0,0,436.7494,196,0,-2.657287,11.38058,0
12:2:55:329,0.1409912,-0.09509277,0.9143066,-0.2421875,-0.2119141,1.06543,-23.99307,-23.5968,-9.08432,139.5165,65.20824,226.2094,833.0601,176.6706,0,0,461.5189,232,0,-5.559463,8.611023,0
12:2:55:360,0.005981445,-0.1401367,0.8842773,-0.2880859,-0.1689453,1.022461,-19.45465,-12.20963,-22.84912,139.5165,52.82353,226.2094,845.4448,189.0553,0,0,473.9036,240,0,-10.08487,0.3716658,0
12:2:55:392,-0.07409668,-0.121582,0.8913574,-0.3222656,-0.04882813,1.014648,-18.51257,-9.637604,-25.29404,139.5165,40.43883,226.2094,857.8295,189.0553,0,0,486.2883,240,0,-7.968056,-4.624173,0
12:2:55:424,-0.01940918,-0.03417969,1.062744,-0.3603516,-0.2509766,1.132813,-13.27881,0.03738403,-31.78391,139.5165,40.43883,213.8247,870.2142,201.44,0,0,523.4424,246,0,-1.70414,-0.9556174,0
12:2:55:456,0.008544922,-0.1115723,1.365234,-0.4316406,-0.359375,1.717773,-12.97226,6.04126,-3.55896,139.5165,40.43883,226.2094,894.9836,189.0553,0,0,535.8271,250,0,-3.410081,0.2478362,0
12:2:55:489,0.0904541,-0.192627,1.430542,-0.2910156,-0.8134766,1.53418,-6.781464,35.9111,19.10324,139.5165,40.43883,213.8247,894.9836,176.6706,0,0,498.673,252,0,-5.150891,2.313373,0
12:2:55:520,-0.03417969,-0.2252197,1.290161,0.01464844,-0.4140625,1.318359,-6.340332,48.52448,17.28638,139.5165,65.20824,226.2094,857.8295,176.6706,0,0,498.673,252,0,-7.552452,-1.036197,0
12:2:55:552,-0.2758789,-0.2885742,1.168213,0.03027344,0.140625,1.279297,-2.370148,33.96713,0.3215027,127.1318,77.59294,226.2094,870.2142,176.6706,0,0,498.673,252,0,-9.976022,-9.473437,0
12:2:55:584,-0.2703857,-0.2127686,0.9781494,0.07421875,0.03417969,1.132813,-0.657959,29.96704,-12.98721,139.5165,77.59294,226.2094,870.2142,176.6706,0,0,498.673,252,0,-9.836305,-13.01744,0
12:2:55:616,-0.2393799,-0.1987305,0.883667,0.06933594,0.0625,1.120117,-0.3289795,27.44736,-18.00415,139.5165,77.59294,226.2094,870.2142,164.2859,0,0,498.673,252,0,-11.02243,-13.732,0
12:2:55:648,-0.1989746,-0.1862793,0.9749756,0.07421875,0.02929688,1.157227,-0.09719849,22.93137,-21.78741,139.5165,77.59294,226.2094,882.5989,164.2859,0,0,486.2883,252,0,-9.204493,-9.927453,0
12:2:55:680,-0.1461182,-0.1982422,0.9346924,0.03417969,0.04980469,1.131836,-0.5084229,18.29575,-16.91254,139.5165,77.59294,226.2094,882.5989,151.9012,0,0,486.2883,252,0,-11.00105,-7.762598,0
12:2:55:713,-0.135376,-0.1970215,0.9573975,0.046875,-0.009765625,1.149414,-0.3588867,15.82092,-14.01154,139.5165,65.20824,226.2094,882.5989,151.9012,0,0,473.9036,252,0,-10.60777,-6.931019,0
12:2:55:744,-0.08166504,-0.208374,0.9311523,0.06835938,-0.008789063,1.152344,-0.4486084,15.39474,-10.65445,139.5165,52.82353,226.2094,882.5989,151.9012,0,0,461.5189,252,0,-12.38771,-4.342587,0
12:2:55:776,-0.02539063,-0.2139893,0.9560547,0.06933594,0.02441406,1.140625,-0.4859924,13.79471,-7.446899,139.5165,52.82353,226.2094,882.5989,139.5165,0,0,449.1342,252,0,-12.83223,-1.289443,0
12:2:55:808,0.02392578,-0.2523193,0.982666,0.05859375,0.02734375,1.131836,0.3663635,14.4751,-4.673004,139.5165,52.82353,226.2094,870.2142,139.5165,0,0,411.98,70,0,-14.30457,1.125389,0
12:2:55:839,0.004882813,-0.2480469,0.9177246,0.06347656,0.03417969,1.118164,0.8673096,14.99847,-6.639404,139.5165,65.20824,226.2094,870.2142,139.5165,0,0,374.8259,34,0,-16.321,0.2566006,0
12:2:55:872,-0.02270508,-0.2043457,0.9898682,0.06640625,-0.015625,1.132813,2.235565,15.73868,-12.43393,127.1318,65.20824,226.2094,845.4448,139.5165,0,0,350.0565,32,0,-11.52062,-1.098431,0
12:2:55:904,0.004272461,-0.1842041,0.9919434,0.03417969,0.02441406,1.144531,2.048645,17.80975,-7.364655,127.1318,77.59294,226.2094,845.4448,139.5165,0,0,312.9024,32,0,-10.55871,0.209555,0
12:2:55:936,0.01330566,-0.2196045,1.017578,0.01660156,0.015625,1.157227,1.861725,18.37051,8.426361,127.1318,89.97765,226.2094,833.0601,139.5165,0,0,300.5177,32,0,-11.82642,0.6074004,0
12:2:55:968,0.03112793,-0.3031006,0.9815674,0.0625,-0.0390625,1.171875,2.160797,18.25836,10.17593,127.1318,89.97765,226.2094,833.0601,139.5165,0,0,288.133,32,0,-16.94836,1.407844,0
12:2:56:0,-0.01293945,-0.3236084,0.9711914,0.01855469,-0.03320313,1.09668,3.140259,20.32944,3.813171,127.1318,114.7471,226.2094,833.0601,139.5165,0,0,263.3636,32,0,-18.69832,-0.5852051,0
12:2:56:32,-0.03442383,-0.3572998,1.003906,0.02441406,-0.0625,1.132813,5.936584,20.80048,4.717865,127.1318,151.9012,226.2094,833.0601,139.5165,0,0,263.3636,32,0,-18.9225,-1.444497,0
12:2:56:64,-0.05725098,-0.3381348,0.9921875,0.01660156,-0.04882813,1.149414,10.83389,22.75192,-4.344025,127.1318,263.3636,226.2094,820.6754,139.5165,0,0,250.9788,32,0,-17.98359,-2.478652,0
12:2:56:96,-0.09838867,-0.3085938,0.9353027,-0.0234375,-0.0078125,1.139648,12.56104,23.39493,-7.618866,114.7471,337.6718,226.2094,820.6754,139.5165,0,0,238.5941,32,0,-17.59374,-4.752739,0
12:2:56:128,-0.1064453,-0.2067871,1.002563,0.0234375,-0.140625,1.194336,14.88632,23.36502,-10.92361,114.7471,486.2883,226.2094,808.2906,151.9012,0,0,238.5941,44,0,-10.53827,-5.019517,0
12:2:56:160,-0.1430664,-0.175293,0.8967285,-0.01464844,-0.05566406,1.092773,16.12747,24.56879,-8.134766,114.7471,597.7506,213.8247,795.9059,139.5165,0,0,238.5941,26,0,-10.48491,-8.310609,0
12:2:56:192,-0.1552734,-0.1324463,0.9486084,-0.04003906,-0.1347656,1.15625,15.94803,23.86597,-8.015137,114.7471,672.0588,213.8247,795.9059,151.9012,0,0,238.5941,26,0,-7.154682,-8.553987,0
12:2:56:224,-0.237793,-0.1057129,0.9880371,-0.09082031,-0.06445313,1.105469,15.90317,23.37997,-5.15152,102.3624,857.8295,226.2094,795.9059,164.2859,0,0,263.3636,28,0,-4.976616,-12.39572,0
12:2:56:256,-0.244751,-0.1055908,0.9804688,-0.1035156,-0.1142578,1.148438,16.5387,22.52762,-11.1853,102.3624,932.1377,263.3636,783.5212,176.6706,0,0,275.7483,28,0,-5.003459,-12.92021,0
12:2:56:288,-0.2282715,-0.09020996,0.9698486,-0.07226563,0.01464844,1.023438,16.38916,23.03604,-12.27692,102.3624,907.3683,275.7483,783.5212,176.6706,0,0,288.133,28,0,-4.413143,-12.48649,0
12:2:56:320,-0.2414551,-0.003417969,1.125366,-0.1923828,-0.08203125,1.19043,15.52185,20.793,-14.3779,102.3624,882.5989,275.7483,771.1365,176.6706,0,0,288.133,28,0,-0.1298722,-10.76582,0
12:2:56:352,-0.2687988,0.175415,1.039551,-0.1181641,0.1279297,1.091797,10.59464,22.19864,2.579498,102.3624,795.9059,238.5941,758.7518,176.6706,0,0,288.133,510,0,7.406271,-12.079,0
12:2:56:384,-0.06640625,0.07446289,1.254272,-0.03808594,0.296875,1.405273,5.667419,14.2807,24.15009,114.7471,746.3671,238.5941,758.7518,189.0553,0,0,300.5177,18,0,2.600308,-2.307961,0
12:2:56:416,-0.02111816,-0.1140137,1.237671,-0.1171875,-0.1083984,1.389648,3.633728,13.5704,32.99515,102.3624,771.1365,250.9788,758.7518,189.0553,0,0,312.9024,18,0,-4.198985,-0.7351341,0
12:2:56:448,-0.02099609,-0.1329346,1.208984,0.04980469,0.3154297,1.368164,3.401947,11.78345,41.23459,102.3624,783.5212,250.9788,758.7518,189.0553,0,0,325.2871,22,0,-5.123483,-0.7543803,0
12:2:56:480,-0.1479492,-0.1391602,1.084717,0.1884766,0.4931641,1.282227,3.760834,4.104767,38.54294,102.3624,820.6754,250.9788,746.3671,176.6706,0,0,325.2871,22,0,-5.997575,-6.415562,0
12:2:56:512,-0.1929932,-0.0958252,1.067139,0.2304688,0.5087891,1.242188,2.302856,-12.19467,21.28647,114.7471,845.4448,250.9788,746.3671,176.6706,0,0,350.0565,22,0,-4.1155,-8.884524,0
12:2:56:544,-0.2305908,-0.04162598,1.030518,0.2568359,0.4804688,1.214844,1.502838,-16.46393,18.00415,114.7471,857.8295,250.9788,746.3671,176.6706,0,0,362.4412,22,0,-1.844536,-11.80191,0
12:2:56:575,-0.2132568,0.008911133,0.9577637,0.2353516,0.3964844,1.183594,-4.852448,-33.22693,12.26944,114.7471,833.0601,250.9788,758.7518,176.6706,0,0,374.8259,22,0,0.4515957,-12.96602,0
12:2:56:607,-0.1679688,-0.03356934,0.87146,0.1650391,0.2949219,1.101563,-9.4133,-43.46268,5.480499,127.1318,758.7518,238.5941,758.7518,176.6706,0,0,399.5953,24,0,-2.07302,-11.95913,0
12:2:56:639,-0.1088867,-0.05737305,0.7791748,0.1171875,0.2148438,1.042969,-12.09,-50.73013,-7.155304,127.1318,622.52,226.2094,771.1365,176.6706,0,0,399.5953,30,0,-4.581319,-9.306121,0
12:2:56:671,-0.07165527,-0.04553223,0.7348633,0.0859375,0.1650391,1.011719,-13.27881,-53.9003,-8.575897,127.1318,560.5965,226.2094,771.1365,176.6706,0,0,411.98,30,0,-4.257136,-6.976672,0
12:2:56:703,-0.02770996,-0.02258301,0.6989746,0.046875,0.08398438,0.9882813,-16.65085,-57.42935,-13.75732,127.1318,449.1342,213.8247,783.5212,189.0553,0,0,436.7494,32,0,-2.504645,-3.103034,0
12:2:56:735,0.03210449,-0.03027344,0.7636719,-0.01269531,0.005859375,1.013672,-17.01721,-56.83121,-11.41708,139.5165,325.2871,226.2094,795.9059,189.0553,0,0,449.1342,32,0,-2.816748,2.995714,0
12:2:56:768,0.03210449,-0.03027344,0.7636719,-0.05664063,-0.06445313,1.058594,-17.81723,-55.29846,-15.98541,139.5165,250.9788,226.2094,795.9059,189.0553,0,0,461.5189,32,0,-2.816748,2.995714,0
12:2:56:799,0.1162109,-0.03430176,0.8586426,-0.09863281,-0.1289063,1.09668,-18.66959,-49.59366,-18.86398,139.5165,139.5165,226.2094,820.6754,189.0553,0,0,473.9036,98,0,-2.301511,8.565304,0
12:2:56:831,0.1450195,-0.02502441,0.925415,-0.1533203,-0.2158203,1.123047,-21.68274,-38.72238,-10.46005,139.5165,77.59294,226.2094,820.6754,201.44,0,0,486.2883,150,0,-1.431473,9.343163,0
12:2:56:863,0.1379395,-0.07019043,1.003662,-0.2070313,-0.265625,1.174805,-23.50708,-29.58572,-0.5233765,139.5165,65.20824,226.2094,845.4448,201.44,0,0,498.673,192,0,-3.507092,7.295026,0
12:2:56:895,0.12854,-0.1264648,1.025391,-0.2226563,-0.265625,1.178711,-22.78183,-22.76688,3.39447,139.5165,52.82353,226.2094,845.4448,213.8247,0,0,498.673,198,0,-6.11742,6.22789,0
12:2:56:927,0.05969238,-0.2232666,1.010742,-0.2744141,-0.2363281,1.155273,-19.30511,-12.77786,-8.725433,139.5165,40.43883,226.2094,857.8295,213.8247,0,0,511.0577,236,0,-11.66655,2.745278,0
12:2:56:959,-0.04125977,-0.1601563,0.9727783,-0.2851563,-0.2001953,1.097656,-13.06198,-1.622467,-31.86615,139.5165,40.43883,226.2094,857.8295,201.44,0,0,523.4424,240,0,-9.211694,-2.135575,0
12:2:56:991,-0.008544922,-0.1245117,0.9786377,-0.2978516,-0.265625,1.086914,-10.13855,5.719757,-24.03046,139.5165,40.43883,226.2094,870.2142,201.44,0,0,535.8271,242,0,-7.342514,-0.4523731,0
12:2:57:23,-0.008544922,-0.1245117,0.9786377,-0.3095703,-0.3212891,1.163086,-9.151611,11.5741,-14.54239,139.5165,28.05412,226.2094,870.2142,201.44,0,0,535.8271,246,0,-7.342514,-0.4523731,0
12:2:57:55,0.06713867,-0.1676025,1.109985,-0.3222656,-0.3535156,1.21875,-6.878662,21.63788,3.476715,139.5165,40.43883,226.2094,870.2142,201.44,0,0,548.2118,246,0,-7.350776,2.74623,0
12:2:57:87,-0.08825684,-0.2452393,0.9941406,-0.3203125,-0.15625,1.121094,-1.226196,29.7876,5.592651,139.5165,40.43883,238.5941,870.2142,201.44,0,0,535.8271,252,0,-12.83279,-4.092353,0
12:2:57:119,-0.1864014,-0.2481689,0.9151611,-0.2822266,-0.1445313,1.061523,2.811279,33.21945,-4.254303,139.5165,40.43883,238.5941,870.2142,189.0553,0,0,535.8271,252,0,-13.62412,-9.742101,0
12:2:57:151,-0.2889404,-0.1971436,0.9052734,-0.2353516,-0.1533203,1.06543,9.772186,35.49988,-5.405731,139.5165,40.43883,238.5941,870.2142,189.0553,0,0,548.2118,252,0,-10.0848,-15.86539,0
12:2:57:183,-0.307373,-0.07092285,0.8193359,-0.1875,-0.1601563,1.007813,11.50681,35.79147,-7.028198,139.5165,40.43883,238.5941,870.2142,189.0553,0,0,548.2118,252,0,-4.144839,-22.49536,0
12:2:57:215,0.1192627,-0.3376465,1.004395,0.3466797,1.81543,1.054688,-16.41907,9.884338,35.14847,139.5165,77.59294,238.5941,894.9836,189.0553,0,0,548.2118,230,0,-16.66313,5.061783,0
12:2:57:247,-0.2983398,-0.2781982,0.9715576,0.4042969,1.612305,0.8115234,-5.772095,12.36664,-24.41177,139.5165,77.59294,238.5941,894.9836,176.6706,0,0,548.2118,230,0,-12.62281,-13.71852,0
12:2:57:771,-0.04870605,-0.1262207,0.9813232,-0.06933594,0.03027344,1.155273,12.35916,24.00055,28.74832,114.7471,684.4435,226.2094,795.9059,189.0553,0,0,325.2871,30,0,-7.111524,-2.560368,0
12:2:57:802,-0.08740234,-0.1148682,0.9587402,-0.0078125,0.01464844,1.148438,12.94235,24.70337,29.86237,114.7471,696.8282,226.2094,795.9059,189.0553,0,0,325.2871,30,0,-6.510242,-4.831397,0
12:2:57:834,-0.1574707,-0.1199951,1.002808,-0.08007813,0.07421875,1.165039,12.10495,22.72202,35.25314,114.7471,709.213,226.2094,783.5212,189.0553,0,0,337.6718,30,0,-5.890304,-7.963827,0
12:2:57:866,-0.2111816,-0.0958252,1.088379,-0.07421875,0.01464844,1.311523,15.23773,18.90137,13.75732,114.7471,746.3671,238.5941,783.5212,201.44,0,0,374.8259,30,0,-3.927477,-9.365754,0
12:2:57:898,-0.303833,-0.03955078,1.075562,-0.08789063,0.1230469,1.303711,14.8938,16.85272,6.796417,114.7471,771.1365,238.5941,783.5212,201.44,0,0,387.2106,40,0,-1.551032,-14.24957,0
12:2:57:930,-0.2481689,0.06481934,1.065796,0.04980469,0.2578125,1.234375,14.36295,12.9274,-0.7850647,114.7471,808.2906,226.2094,783.5212,201.44,0,0,411.98,32,0,2.681302,-11.67747,0
12:2:57:962,-0.09960938,0.0637207,1.02124,-0.06445313,0.08203125,1.163086,9.929199,4.61319,11.98532,114.7471,845.4448,226.2094,783.5212,201.44,0,0,411.98,26,0,3.192138,-5.143312,0
12:2:57:994,0.03613281,-0.02050781,1.043579,-0.07519531,0.1162109,1.206055,8.299255,4.179535,20.54626,114.7471,857.8295,226.2094,783.5212,201.44,0,0,411.98,24,0,-1.044162,1.865169,0
12:2:58:27,-0.03552246,-0.02783203,0.9378662,0.1953125,0.3505859,1.113281,6.916046,0.7626343,31.64932,114.7471,833.0601,238.5941,783.5212,201.44,0,0,411.98,24,0,-1.742039,-2.241781,0
12:2:58:58,-0.01843262,-0.08654785,0.9931641,0.1621094,0.3398438,1.163086,3.469238,-8.059998,31.3353,127.1318,783.5212,238.5941,783.5212,189.0553,0,0,424.3647,26,0,-4.922951,-0.9842343,0
12:2:58:90,-0.03186035,-0.0559082,1.040649,0.1318359,0.2871094,1.22168,0.7626343,-15.27512,18.80417,127.1318,709.213,238.5941,783.5212,189.0553,0,0,436.7494,28,0,-2.870999,-1.60247,0
12:2:58:122,-0.03405762,-0.01342773,1.058472,0.1162109,0.2490234,1.230469,-1.749573,-18.49762,11.97037,127.1318,696.8282,238.5941,783.5212,189.0553,0,0,449.1342,28,0,-0.6664107,-1.720575,0
12:2:58:154,-0.08581543,0.09057617,0.9224854,0.1337891,0.2275391,1.128906,-6.235657,-23.11829,4.418793,127.1318,647.2894,238.5941,783.5212,189.0553,0,0,449.1342,28,0,5.522609,-5.207675,0
12:2:58:187,-0.08557129,0.08215332,0.8979492,0.1005859,0.1806641,1.081055,-14.17603,-29.83994,10.11612,127.1318,535.8271,238.5941,795.9059,189.0553,0,0,449.1342,86,0,5.262784,-5.501389,0
12:2:58:218,-0.05517578,0.03259277,0.8754883,0.0546875,0.1630859,1.070313,-15.55176,-31.1409,11.7012,127.1318,511.0577,238.5941,795.9059,189.0553,0,0,461.5189,32,0,2.271572,-3.949991,0
12:2:58:250,-0.006347656,-0.06018066,0.8653564,-0.0078125,0.1123047,1.083984,-19.11819,-33.69797,10.85632,127.1318,374.8259,238.5941,795.9059,189.0553,0,0,461.5189,26,0,-4.556243,-0.4495381,0
12:2:58:282,0.02490234,-0.08691406,0.8997803,-0.05957031,0.06835938,1.091797,-19.55185,-33.18954,4.927216,127.1318,288.133,238.5941,795.9059,189.0553,0,0,473.9036,62,0,-5.94593,1.59108,0
12:2:58:314,0.05114746,-0.08898926,0.8522949,-0.08691406,0.01855469,1.03125,-18.9238,-29.72031,-1.443024,127.1318,213.8247,238.5941,808.2906,189.0553,0,0,473.9036,94,0,-6.528962,3.589298,0
12:2:58:346,0.06640625,-0.08349609,0.84375,-0.1035156,0.0078125,1.014648,-18.47519,-28.42682,-3.22998,127.1318,176.6706,238.5941,808.2906,201.44,0,0,473.9036,144,0,-6.123118,4.772374,0
12:2:58:378,0.08703613,-0.04394531,0.8996582,-0.1289063,-0.02441406,1.054688,-17.73499,-25.45853,-5.031891,127.1318,151.9012,238.5941,820.6754,201.44,0,0,473.9036,152,0,-2.806568,5.823792,0
12:2:58:410,0.06140137,-0.05419922,0.9370117,-0.1425781,-0.01269531,1.085938,-19.33502,-19.73129,13.54797,139.5165,102.3624,238.5941,820.6754,201.44,0,0,461.5189,200,0,-3.302079,3.768506,0
12:2:58:443,0.0814209,-0.164917,0.972168,-0.1992188,-0.1015625,1.12793,-16.20224,-13.75732,11.84326,127.1318,77.59294,238.5941,820.6754,189.0553,0,0,461.5189,238,0,-9.126842,4.195152,0
12:2:58:475,0.07214355,-0.1763916,0.9759521,-0.1953125,-0.0703125,1.121094,-14.52744,-11.24512,9.981537,139.5165,77.59294,238.5941,820.6754,189.0553,0,0,461.5189,238,0,-9.767848,3.656659,0
12:2:58:506,0.03295898,-0.1987305,0.9580078,-0.1640625,-0.008789063,1.077148,-11.14792,-4.112244,-2.310333,139.5165,77.59294,238.5941,820.6754,189.0553,0,0,473.9036,242,0,-11.80641,1.690861,0
12:2:58:539,-0.007324219,-0.1131592,0.9213867,-0.1289063,-0.01953125,1.058594,-8.067474,-0.3364563,-18.18359,139.5165,77.59294,238.5941,820.6754,189.0553,0,0,486.2883,246,0,-7.528154,-0.4361638,0
12:2:58:570,-0.01501465,-0.01647949,0.9816895,-0.1269531,-0.0703125,1.100586,-6.661835,2.586975,-27.87354,139.5165,65.20824,238.5941,833.0601,189.0553,0,0,486.2883,246,0,-0.9646351,-0.8775905,0
12:2:58:602,-0.06115723,-0.02246094,0.9865723,-0.3007813,-0.5048828,1.210938,2.250519,15.69382,-48.25531,139.5165,77.59294,238.5941,833.0601,189.0553,0,0,486.2883,252,0,-1.243825,-3.514466,0
12:2:58:634,0.3530273,-0.2253418,1.239014,-0.3896484,0.7304688,1.542969,1.293488,15.20035,23.01361,139.5165,77.59294,238.5941,845.4448,189.0553,0,0,486.2883,252,0,-6.805676,11.33897,0
12:2:58:666,0.03662109,-0.1870117,1.137207,0.09667969,-0.6484375,1.347656,3.289795,18.7294,19.40979,139.5165,77.59294,238.5941,845.4448,189.0553,0,0,486.2883,252,0,-8.00473,1.417196,0
12:2:58:698,-0.09997559,-0.211792,1.05542,0.1201172,-0.07128906,1.204102,-4.044952,23.52951,37.81021,139.5165,65.20824,238.5941,845.4448,176.6706,0,0,486.2883,252,0,-9.897015,-4.312697,0
12:2:58:730,-0.1278076,-0.2858887,0.9230957,0.1123047,0.1289063,1.105469,-0.05233765,23.94073,1.973877,139.5165,65.20824,238.5941,845.4448,164.2859,0,0,473.9036,252,0,-16.26455,-6.40801,0
12:2:58:762,-0.08483887,-0.2884521,0.9349365,0.1328125,0.1230469,1.089844,2.915955,17.92938,-27.35016,139.5165,65.20824,238.5941,857.8295,164.2859,0,0,473.9036,252,0,-16.74137,-4.173818,0
12:2:58:794,-0.2005615,-0.208252,0.9110107,0.1005859,0.05566406,1.091797,2.83371,18.59482,-38.28873,139.5165,77.59294,238.5941,857.8295,164.2859,0,0,486.2883,252,0,-11.42491,-10.9339,0
12:2:58:826,-0.2441406,-0.1236572,0.8569336,0.04296875,0.1835938,1.112305,3.461761,13.17413,-43.32809,139.5165,89.97765,250.9788,882.5989,164.2859,0,0,498.673,252,0,-7.202708,-15.88363,0
12:2:58:858,-0.07116699,-0.1479492,1.003052,0.0546875,-0.0703125,1.179688,1.24115,10.45258,-35.31296,139.5165,139.5165,238.5941,894.9836,151.9012,0,0,498.673,252,0,-7.81985,-3.528763,0
12:2:58:890,-0.05859375,-0.1563721,0.9810791,0.0546875,0.07714844,1.117188,0.1196289,8.17215,-18.25836,139.5165,127.1318,250.9788,907.3683,139.5165,0,0,511.0577,252,0,-8.706595,-2.997717,0
12:2:58:922,-0.01696777,-0.1850586,0.9973145,0.03808594,0.0546875,1.141602,0.02990723,7.364655,-18.44528,139.5165,139.5165,250.9788,907.3683,139.5165,0,0,511.0577,252,0,-10.36682,-0.8240393,0
12:2:58:954,-0.02099609,-0.1757813,0.9674072,0.05371094,0.1171875,1.117188,-0.6654358,6.325378,-20.19485,139.5165,151.9012,250.9788,907.3683,139.5165,0,0,511.0577,254,0,-10.4094,-1.082028,0
12:2:58:987,-0.01220703,-0.1790771,0.9956055,0.03417969,0.07128906,1.140625,0.05981445,5.555267,-22.78183,139.5165,164.2859,250.9788,907.3683,139.5165,0,0,511.0577,254,0,-10.11869,-0.5976088,0
12:2:59:18,0.0526123,-0.206665,0.9797363,0.046875,0.04980469,1.139648,1.091614,5.891724,-14.72931,139.5165,151.9012,263.3636,907.3683,139.5165,0,0,498.673,252,0,-11.53643,2.582338,0
12:2:59:50,0.05432129,-0.2072754,0.9785156,0.03808594,0.08203125,1.139648,1.099091,6.160889,-11.34232,139.5165,164.2859,250.9788,907.3683,139.5165,0,0,498.673,252,0,-11.57716,2.670168,0
12:2:59:82,0.08691406,-0.2354736,0.9822998,0.04980469,0.07714844,1.146484,2.183228,7.102966,-2.848663,139.5165,176.6706,263.3636,882.5989,151.9012,0,0,473.9036,252,0,-12.6188,4.141278,0
12:2:59:114,0.1029053,-0.2862549,0.9963379,0.06152344,0.09375,1.141602,3.813171,8.650665,-1.742096,139.5165,213.8247,250.9788,845.4448,151.9012,0,0,461.5189,252,0,-14.64279,4.600173,0
12:2:59:146,0.1091309,-0.2926025,0.9997559,0.06152344,0.1015625,1.148438,4.889832,9.764709,-7.566528,139.5165,275.7483,250.9788,820.6754,151.9012,0,0,461.5189,252,0,-14.78485,4.827694,0
12:2:59:179,0.06054688,-0.2161865,1.011353,0.02148438,0.0546875,1.15918,6.998291,11.07315,-14.23584,127.1318,387.2106,250.9788,808.2906,176.6706,0,0,473.9036,252,0,-11.28503,2.797632,0
12:2:59:210,0.08605957,-0.2907715,1.112549,0.015625,0.1494141,1.302734,9.046936,11.66382,-4.149628,127.1318,560.5965,250.9788,783.5212,189.0553,0,0,461.5189,252,0,-12.38802,3.222462,0
12:2:59:242,0.0838623,-0.305542,1.231201,0.08984375,0.3505859,1.407227,11.55167,9.4133,-22.34818,114.7471,833.0601,238.5941,771.1365,201.44,0,0,486.2883,252,0,-10.81311,2.636197,0
12:2:59:273,0.05517578,-0.3001709,1.22998,0.1865234,0.4277344,1.394531,13.00217,5.929108,-20.0827,114.7471,956.9071,226.2094,771.1365,213.8247,0,0,486.2883,252,0,-10.83714,1.743146,0
12:2:59:306,0.02966309,-0.2259521,1.111694,0.3046875,0.5478516,1.304688,14.46762,-2.429962,-13.68256,102.3624,1117.908,226.2094,758.7518,226.2094,0,0,498.673,252,0,-10.12314,1.162483,0
12:2:59:338,0.04040527,-0.251709,1.005493,0.3193359,0.609375,1.22168,15.5368,-15.80597,-11.05072,102.3624,1167.447,226.2094,758.7518,238.5941,0,0,511.0577,252,0,-13.46315,1.832752,0
12:2:59:370,0.06152344,-0.2547607,0.977417,0.296875,0.5693359,1.19043,16.00037,-19.07333,-11.29745,102.3624,1167.447,238.5941,771.1365,238.5941,0,0,511.0577,252,0,-14.06508,2.910493,0
12:2:59:403,0.1264648,-0.2525635,0.9534912,0.2109375,0.4746094,1.186523,18.5051,-29.3988,-18.46024,114.7471,1130.293,238.5941,771.1365,250.9788,0,0,523.4424,252,0,-13.70569,6.212813,0
12:2:59:434,0.1398926,-0.04699707,0.8570557,0.234375,0.3710938,1.092773,19.26773,-34.22134,-29.51096,114.7471,1105.524,238.5941,783.5212,250.9788,0,0,523.4424,252,0,-3.076432,10.14823,0
12:2:59:466,0.1340332,0.05834961,0.69104,0.2353516,0.3134766,0.9404297,13.75732,-39.32053,-17.54059,114.7471,1043.6,226.2094,783.5212,238.5941,0,0,535.8271,252,0,5.45007,14.04245,0
12:2:59:498,0.1340332,0.05834961,0.69104,0.2255859,0.2724609,0.8652344,11.73859,-40.34485,-14.68445,127.1318,994.0612,226.2094,783.5212,226.2094,0,0,535.8271,252,0,5.45007,14.04245,0
12:2:59:530,0.1715088,0.1187744,0.5811768,0.1552734,0.1474609,0.7802734,3.312225,-41.4888,-5.368347,127.1318,833.0601,226.2094,808.2906,201.44,0,0,535.8271,252,0,13.128,20.5897,0
12:2:59:561,0.2111816,0.1291504,0.607666,0.08984375,0.01171875,0.8125,-3.760834,-38.67752,1.039276,127.1318,659.6741,238.5941,808.2906,201.44,0,0,535.8271,252,0,12.54422,22.96296,0
12:2:59:594,0.2562256,0.1895752,0.7652588,0.04785156,-0.04882813,0.9277344,-15.07324,-32.4942,33.09982,127.1318,572.9812,238.5941,808.2906,201.44,0,0,535.8271,252,0,12.69073,18.29027,0
12:2:59:626,0.2822266,0.1175537,0.7806396,0.006835938,-0.0078125,0.9404297,-18.13873,-30.13901,42.73743,127.1318,523.4424,238.5941,808.2906,201.44,0,0,535.8271,252,0,7.510679,21.21784,0
12:2:59:658,0.2834473,-0.02648926,0.8063965,-0.05957031,0.03027344,0.9492188,-23.80615,-19.01352,41.76544,139.5165,399.5953,238.5941,808.2906,201.44,0,0,511.0577,252,0,-1.625018,22.72525,0
12:2:59:690,0.2607422,-0.1164551,0.9483643,-0.1103516,0.002929688,1.0625,-24.07532,-10.68436,49.99741,139.5165,312.9024,238.5941,808.2906,201.44,0,0,498.673,252,0,-5.732175,14.39557,0
12:2:59:722,0.2597656,-0.1824951,0.9466553,-0.1445313,0.006835938,1.094727,-23.09586,-5.906677,54.10965,139.5165,288.133,238.5941,808.2906,201.44,0,0,498.673,252,0,-8.971715,13.54039,0
12:2:59:753,0.1898193,-0.1600342,0.8895264,-0.2050781,0.02734375,1.018555,-18.87894,3.529053,47.87399,127.1318,250.9788,238.5941,808.2906,201.44,0,0,461.5189,252,0,-9.264548,11.28451,0
12:2:59:785,0.1280518,-0.1948242,0.8980713,-0.1445313,0.1308594,1.061523,-13.61526,9.832001,52.72644,127.1318,288.133,238.5941,808.2906,189.0553,0,0,449.1342,252,0,-11.7753,7.287337,0
12:2:59:818,0.07397461,-0.1938477,0.9337158,-0.1220703,0.171875,1.066406,-9.929199,12.20963,55.17883,127.1318,337.6718,250.9788,808.2906,201.44,0,0,461.5189,252,0,-11.58272,3.970866,0
12:2:59:850,0.06103516,-0.2084961,0.9102783,-0.1132813,0.1904297,1.058594,-5.996399,13.48816,51.28342,127.1318,350.0565,250.9788,808.2906,201.44,0,0,461.5189,252,0,-13.18977,3.368063,0
12:2:59:881,0.1091309,-0.1448975,1.128906,-0.1425781,0.1396484,1.302734,-0.9794617,15.18539,31.78391,127.1318,312.9024,250.9788,808.2906,201.44,0,0,461.5189,252,0,-5.978677,4.396774,0
12:2:59:914,0.1229248,-0.1959229,1.149658,-0.1455078,0.1337891,1.304688,3.514099,19.5369,21.25656,127.1318,350.0565,250.9788,808.2906,201.44,0,0,449.1342,252,0,-7.723369,4.630706,0
12:2:59:946,0.0300293,-0.2072754,0.9694824,-0.1181641,0.2275391,1.15625,8.673096,22.10144,-0.9645081,127.1318,350.0565,250.9788,808.2906,201.44,0,0,436.7494,252,0,-12.0628,1.499479,0
12:2:59:977,0.01599121,-0.2122803,0.9279785,-0.109375,0.203125,1.100586,12.09747,21.98929,-10.99091,127.1318,312.9024,250.9788,808.2906,189.0553,0,0,436.7494,252,0,-13.60487,0.8534939,0
12:3:0:10,0.0435791,-0.2095947,0.9470215,-0.09277344,0.1484375,1.118164,16.65833,21.85471,-16.12,139.5165,238.5941,250.9788,808.2906,189.0553,0,0,436.7494,252,0,-12.56425,2.255521,0
12:3:0:42,0.09558105,-0.1392822,1.01416,0.7958984,0.3056641,1.706055,17.20413,22.5351,-11.19278,139.5165,226.2094,250.9788,820.6754,189.0553,0,0,424.3647,252,0,-7.063253,4.679052,0
12:3:0:74,-0.02148438,0.008666992,1.546021,1.81543,0.7617188,1.804688,9.697418,16.68823,8.00766,139.5165,337.6718,250.9788,833.0601,176.6706,0,0,411.98,252,0,0.2059076,-0.5131346,0
12:3:0:105,0.3553467,-0.439209,1.199463,-0.2578125,-0.01953125,1.185547,3.312225,15.24521,-27.29034,127.1318,461.5189,250.9788,820.6754,176.6706,0,0,387.2106,252,0,-13.7562,10.71502,0
12:3:0:137,0.09594727,-0.2095947,0.8979492,0.1181641,0.1201172,1.079102,5.069275,16.38916,-5.046844,127.1318,498.673,250.9788,820.6754,176.6706,0,0,387.2106,252,0,-13.07784,5.395289,0
12:3:0:170,0.1569824,-0.1602783,0.9683838,0.1171875,0.1650391,1.131836,5.487976,18.51257,-21.3089,127.1318,362.4412,250.9788,833.0601,164.2859,0,0,374.8259,252,0,-8.329291,8.136176,0
12:3:0:202,0.1761475,-0.1241455,0.9415283,0.07910156,0.1396484,1.115234,4.972076,19.27521,-21.44348,139.5165,238.5941,250.9788,845.4448,139.5165,0,0,374.8259,252,0,-6.663618,9.887116,0
12:3:0:234,0.1591797,-0.0690918,0.9261475,0.09472656,0.1552734,1.105469,2.796326,20.43411,-23.5968,139.5165,139.5165,250.9788,857.8295,139.5165,0,0,374.8259,252,0,-3.886795,9.745153,0
12:3:0:266,0.02685547,-0.08056641,0.8902588,0.08105469,0.1171875,1.054688,0.231781,18.69949,-21.36124,139.5165,226.2094,250.9788,870.2142,139.5165,0,0,399.5953,252,0,-5.615371,1.761737,0
12:3:0:297,0.06188965,-0.1174316,0.9482422,0.08105469,0.1328125,1.107422,-2.325287,17.9892,-21.52573,139.5165,411.98,250.9788,870.2142,139.5165,0,0,424.3647,252,0,-6.966472,3.483831,0
12:3:0:329,0.09521484,-0.1312256,0.9477539,0.07714844,0.1181641,1.112305,-3.618774,17.93686,-19.29016,127.1318,548.2118,226.2094,882.5989,139.5165,0,0,436.7494,252,0,-7.524665,5.284242,0
12:3:0:361,0.0234375,-0.1484375,0.9372559,0.07421875,0.1103516,1.09668,-5.682373,16.21719,-13.37601,127.1318,758.7518,250.9788,894.9836,139.5165,0,0,436.7494,252,0,-9.346272,1.307484,0
12:3:0:394,0.05493164,-0.2137451,0.9890137,0.06933594,0.09667969,1.151367,-4.61319,15.26764,-11.43204,127.1318,882.5989,263.3636,907.3683,139.5165,0,0,449.1342,252,0,-11.68961,2.638765,0
12:3:0:426,0.08361816,-0.2412109,0.9819336,0.08398438,0.09375,1.146484,-3.603821,15.20035,-14.40033,127.1318,956.9071,263.3636,907.3683,139.5165,0,0,461.5189,252,0,-12.96389,3.968216,0
12:3:0:458,0.01086426,-0.2852783,0.9984131,0.06933594,0.07714844,1.167969,-3.117828,16.64337,-16.63589,114.7471,1031.215,275.7483,907.3683,139.5165,0,0,461.5189,252,0,-15.80684,0.4854986,0
12:3:0:489,-0.002807617,-0.2824707,0.9428711,0.09375,0.0859375,1.09375,-1.05423,15.58167,-22.50519,114.7471,1130.293,263.3636,907.3683,127.1318,0,0,473.9036,252,0,-17.57494,-0.1373176,0